<?xml version="1.0" encoding="UTF-8" ?>
<!DOCTYPE mapper
PUBLIC "-//mybatis.org//DTD Mapper 3.0//EN"
"http://mybatis.org/dtd/mybatis-3-mapper.dtd">
<mapper namespace="com.hikvision.it.expense.rpc.dao.approver.IApproverDao">
	<resultMap type="com.hikvision.it.expense.api.entity.task.TaskOwner" id="taskOwner"></resultMap>
	<!-- 根据流程定义编码获取开始环节 -->
	<select id="getDocCreator" resultMap="taskOwner">
		<![CDATA[
		select p.user_empid owner,
		       (case
		         when pn.username is not null then
		          pn.username
		         else
		          p.user_unque_name
		       end) ownername,
		       p.user_inmail ownermail
		  from hikepadm.z_wem_basic_person_info p
		  left join hikepadm.z_wem_basic_per_national pn
		    on pn.lang = #{language, jdbcType=VARCHAR}
		   and pn.userid = p.user_empid
		 where exists
		 (select 1
		          from hikepadm.z_wem_bus_flow f
		         where f.processid = #{docId, jdbcType=VARCHAR}
		           and (f.creator = p.user_empid or f.claimuser = p.user_empid))
		]]>
	</select>
	
	<!-- 根据公司获取影像审批人员 -->
	<select id="getSpecialApprover" resultMap="taskOwner">
	<![CDATA[
	select p.user_empid owner,
	       (case
	         when pn.username is not null then
	          pn.username
	         else
	          p.user_unque_name
	       end) ownername,
	       p.user_inmail ownermail
	  from hikepadm.z_wem_basic_person_info p
	  left join hikepadm.z_wem_basic_per_national pn
	    on pn.lang = #{language, jdbcType=VARCHAR}
	   and pn.userid = p.user_empid
	 where exists (select 1
	          from hikepadm.t_bpm_approve_cfg c
	         where exists (select 1
	                  from hikepadm.z_wem_bus_flow f
	                 where f.processid = #{docId, jdbcType=VARCHAR}
	                   and f.companycode = c.bukrs)
	           and c.taskname = #{taskName, jdbcType=VARCHAR}
	           and c.validfromdate <= sysdate
	           and c.validtodate >= sysdate
	           and p.user_empid = c.approver)
	]]>
	</select>
	
	<!-- 获取单据报销人直接主管 -->
	<select id="getDirector" resultType="com.hikvision.it.expense.api.entity.task.TaskOwner">
	<![CDATA[
	select pi.user_empid owner,
	       (case
	         when pn.username is not null then
	          pn.username
	         else
	          pi.user_unque_name
	       end) ownername,
	       pi.user_inmail ownermail
	  from hikepadm.z_wem_basic_person_info pi
	  left join hikepadm.z_wem_basic_per_national pn
	    on pn.lang = #{language, jdbcType=VARCHAR}
	   and pn.userid = pi.user_empid
	 where exists (select 1
	          from hikepadm.z_wem_basic_person_info p
	         where (case
	                 when p.user_empid = 'HZ04070147' then
	                  'HZ02010001'
	                 when p.pergradeid = 'M5' then
	                  'HZ04070147'
	                 else
	                  p.user_zjldid
	               end) = pi.user_empid
	           and exists (select 1
	                  from hikepadm.z_wem_bus_flow f
	                 where f.processid = #{docId, jdbcType=VARCHAR}
	                   and f.claimuser = p.user_empid))
	]]>
	</select>
	
	<!-- 根据授权人, 单据的单据金额、费用归属部门 获取审批授权信息 -->
	<resultMap type="com.hikvision.it.expense.api.entity.task.ApproveAuth" id="approveAuth"></resultMap>
	<select id="getApproverAuth" resultMap="approveAuth">
	<![CDATA[
	select *
	  from (select a.author,
	               p.user_unque_name as authorname,
	               a.auth_area autharea,
	               a.auth_bus authbus,
	               a.auth_dept authdept,
	               a.agent,
	               (case
	                 when pn.username is not null then
	                  pn.username
	                 else
	                  pi.user_unque_name
	               end) as agentname,
	               a.agent_grade agentgrade,
	               pi.user_inmail as agentmail,
	               1 lv
	          from hikepadm.t_cfg_approve_auth a
	         inner join hikepadm.z_wem_basic_person_info p
	            on p.user_empid = a.author
	         inner join hikepadm.z_wem_basic_person_info pi
	            on pi.user_empid = a.agent
	           and pi.user_state in ('0', '1', '2')
	          left join hikepadm.z_wem_basic_per_national pn
	            on pn.lang = #{language, jdbcType=VARCHAR}
	           and pn.userid = pi.user_empid
	         where a.author = #{author, jdbcType=VARCHAR}
	           and a.valid = 'Y'
	           and exists
	         (select 1
	                  from hikepadm.z_wem_bus_flow f
	                 where f.processid = #{docId, jdbcType=VARCHAR}
	                   and a.minje < f.amtclaim
	                   and a.maxje >= f.amtclaim
	                   and a.auth_dept = f.deptcode)
	        union all
	        select a.author,
	               p.user_unque_name as authorname,
	               a.auth_area autharea,
	               a.auth_bus authbus,
	               a.auth_dept authdept,
	               a.agent,
	               (case
	                 when pn.username is not null then
	                  pn.username
	                 else
	                  pi.user_unque_name
	               end) as agentname,
	               a.agent_grade agentgrade,
	               pi.user_inmail as agentmail,
	               2 lv
	          from hikepadm.t_cfg_approve_auth a
	         inner join hikepadm.z_wem_basic_person_info p
	            on p.user_empid = a.author
	         inner join hikepadm.z_wem_basic_person_info pi
	            on pi.user_empid = a.agent
	           and pi.user_state in ('0', '1', '2')
	          left join hikepadm.z_wem_basic_per_national pn
	            on pn.lang = #{language, jdbcType=VARCHAR}
	           and pn.userid = pi.user_empid
	         inner join hikepadm.z_wem_basic_department_info d
	            on d.deptcodepath like a.auth_dept
	         where a.author = #{author, jdbcType=VARCHAR}
	           and a.valid = 'Y'
	           and exists
	         (select 1
	                  from hikepadm.z_wem_bus_flow f
	                 where f.processid = #{docId, jdbcType=VARCHAR}
	                   and a.minje < f.amtclaim
	                   and a.maxje >= f.amtclaim
	                   and f.deptcode = d.deptcode))
	 order by lv
	]]>
	</select>
	
	<!-- 过滤已审批的人员 -->
	<select id="filterApprovedOwners" resultMap="taskOwner">
		select * from (
		<foreach collection="owners" item="item" index="index"
			separator="UNION ALL">
			<![CDATA[
			select 
				#{item.taskId, jdbcType=VARCHAR} taskid,
				#{item.owner, jdbcType=VARCHAR} owner,
				#{item.ownerName, jdbcType=VARCHAR} ownername,
				#{item.ownerMail, jdbcType=VARCHAR} ownerMail,
				#{item.grade, jdbcType=NUMERIC} grade,
				#{item.authUser, jdbcType=VARCHAR} authuser,
				#{item.authUserName, jdbcType=VARCHAR} authusername
			from dual
			]]>
		</foreach>
		<![CDATA[
		) a 
		where not exists 
		(select 1 from hikepadm.t_bpm_task_instance t 
		  inner join hikepadm.t_bpm_process_instance p 
		     on p.docid = #{docId, jdbcType=VARCHAR}
		    and p.processid = t.processid
		    and t.version_rd = p.version_rd
		  where t.completed_by = a.owner
		    and t.RESULT = 'AGREE')
		]]>
	</select>
	
	<resultMap type="com.hikvision.it.expense.api.entity.flow.FinalApproveConfig" id="finalApproveConfig"></resultMap>
	<!-- 匹配适用终审审批级别 -->
	<select id="matchFinalApproveConfig" resultMap="finalApproveConfig">
	<![CDATA[
	select c.grade, c.area, c.bigfeetype, c.smafeetype,
		   c.minje, c.maxje, c.can_auth as authflag, 
		   c.valid as validflag
	  from hikepadm.t_cfg_approve_config c
	 where c.area = #{formHeader.docType, jdbcType=VARCHAR}
	   and c.minje < #{formHeader.amount, jdbcType=NUMERIC} 
	   and c.maxje >= #{formHeader.amount, jdbcType=NUMERIC} 
	   and c.valid = 'Y'
	   and c.fromdate <= sysdate 
	   and c.todate >= sysdate
	]]>
	</select>
	
	<!-- 根据费用类别获取，费用大小类明细 -->
	<select id="getExpenseTypeDetail" resultType="com.hikvision.it.expense.api.entity.flow.FinalApproveConfig">
	<![CDATA[
     select b.bus_1_id bigfeetype, b.bus_2_id smafeetype
       from hikepadm.t_cfg_doc_bus b
      where b.id = #{expenseType, jdbcType=VARCHAR}
	]]>
	</select>
	
	<!-- 获取当前单据审批的直接主管级别 -->
	<select id="getDirectorGradeLevel" resultType="java.lang.Integer">
	<![CDATA[
	select *
	  from (select case
	                 when tpi.hr_gradelv is null then
	                  pi.hr_gradelv
	                 when tpi.hr_gradelv > pi.hr_gradelv then
	                  tpi.hr_gradelv
	                 else
	                  pi.hr_gradelv
	               end
	          from hikepadm.t_bpm_process_instance p
	         inner join hikepadm.t_bpm_task_instance t
	            on t.processid = p.processid
	           and t.version_rd = p.version_rd
	           and t.taskname = 'B01'
	         inner join hikepadm.z_wem_basic_person_info pi
	            on pi.user_empid = t.completed_by
	         inner join hikepadm.t_bpm_task_instance_owner tio
	            on tio.taskid = t.taskid
	           and tio.userid = t.completed_by
	          left join hikepadm.z_wem_basic_person_info tpi
	            on tpi.user_empid = tio.authuser
	         where p.docid = #{docId, jdbcType=VARCHAR}
	         order by t.cr_time)
	 where rownum = 1
	]]>
	</select>
	
	<!-- 根据任务名称、流程参数 获取审批人 -->
	<select id="getApprovers" resultMap="taskOwner">
	<![CDATA[
	select c.approver owner, 
	       (case
	         when pn.username is null then
	          p.user_unque_name
	         else
	          pn.username
	       end) ownername,
           p.user_inmail as ownermail
	  from hikepadm.t_bpm_approve_cfg c
	 inner join hikepadm.z_wem_basic_person_info p 
	    on p.user_empid = c.approver
	  left join hikepadm.z_wem_basic_per_national pn
	    on pn.lang = #{language, jdbcType=VARCHAR}
	   and pn.userid = p.user_empid
	 where c.area = #{docParam.docType, jdbcType=VARCHAR}
	   and c.minje < #{docParam.amount, jdbcType=NUMERIC} 
	   and c.maxje >= #{docParam.amount, jdbcType=NUMERIC} 
	   and c.valid = 'Y'
	   and c.bigfeetype = #{docParam.bigFeeType, jdbcType=VARCHAR}
	   and c.taskname = #{taskName, jdbcType=VARCHAR}
	   and c.deptcode = #{docParam.deptCode, jdbcType=VARCHAR}
	   and c.bukrs = #{docParam.bukrs, jdbcType=VARCHAR}
	   and c.smafeetype = #{docParam.smaFeeType, jdbcType=VARCHAR}
	]]>
	</select>
	
	<!-- 查询分总信息 -->
	<select id="getSubCompManager" resultType="com.hikvision.it.expense.api.entity.task.TaskOwner">
	<![CDATA[
		select *
		  from (select c.user_empid      owner,
				       (case
				         when pn.username is null then
				          p.user_unque_name
				         else
				          pn.username
				       end) ownername,
		               p.user_inmail     ownermail
		          from hikepadm.z_wem_basic_compmanager c
		         inner join hikepadm.z_wem_basic_person_info p
		            on p.user_empid = c.user_empid
				  left join hikepadm.z_wem_basic_per_national pn
				    on pn.lang = #{language, jdbcType=VARCHAR}
				   and pn.userid = p.user_empid
		         inner join hikepadm.z_wem_basic_department_info di
		            on di.deptcode = c.deptcode
		         where c.deptcode in
		               (select d.deptcode
		                  from hikepadm.z_wem_basic_department_info d
		                 start with d.deptcode = #{deptCode, jdbcType=VARCHAR}
		                connect by prior d.dept_upcode = d.deptcode)
		         order by di.deptlevel desc)
		 where rownum = 1
    ]]>
	</select>
	
	<!-- 获取第一个匹配到的终审主管 -->
	<select id="getFirstMatchDirector" resultType="com.hikvision.it.expense.api.entity.task.TaskOwner">
	<![CDATA[
	select p.user_empid owner,
	       (case
	         when pn.username is null then
	          p.user_unque_name
	         else
	          pn.username
	       end) ownername,
	       p.user_inmail ownermail
	  from hikepadm.z_wem_basic_person_info p
	  left join hikepadm.z_wem_basic_per_national pn
	    on pn.lang = #{language, jdbcType=VARCHAR}
	   and pn.userid = p.user_empid
	 where p.hr_gradelv >= #{grade, jdbcType=NUMERIC}
	   and rownum = 1
	 start with p.user_empid = #{userId, jdbcType=NUMERIC}
	connect by prior p.user_zjldid = p.user_empid
	 order by p.hr_gradelv
	]]>
	</select>
	
	<!-- 获取vp单据财务审核人员任务数列表 -->
	<select id="getVPFinancialApprovers" resultMap="taskOwner">
		<![CDATA[
		select p.user_empid owner,
		       (case
		         when pn.username is null then
		          p.user_unque_name
		         else
		          pn.username
		       end) ownername,
		       p.user_inmail ownermail
		  from hikepadm.t_cfg_f01_approver t
		 inner join hikepadm.z_wem_basic_person_info p
		    on p.user_empid = t.userid
		  left join hikepadm.z_wem_basic_per_national pn
		    on pn.lang = #{language, jdbcType=VARCHAR}
		   and pn.userid = t.userid
		 where t.vp_adv = 'Y'
		   and t.valid_from <= sysdate
		   and t.valid_to >= sysdate
		]]>
	</select>
	
	<!-- 获取借款单据财务审核人员任务数列表 -->
	<select id="getLoanFinancialApprovers" resultMap="taskOwner">
		<![CDATA[
		select p.user_empid owner,
		       (case
		         when pn.username is null then
		          p.user_unque_name
		         else
		          pn.username
		       end) ownername,
		       p.user_inmail ownermail
		  from hikepadm.t_cfg_f01_approver t
		 inner join hikepadm.z_wem_basic_person_info p
		    on p.user_empid = t.userid
		  left join hikepadm.z_wem_basic_per_national pn
		    on pn.lang = #{language, jdbcType=VARCHAR}
		   and pn.userid = t.userid
		 where t.jk_adv = 'Y'
		   and t.valid_from <= sysdate
		   and t.valid_to >= sysdate
		]]>
	</select>
	
	<!-- 从会计池中获取当前任务数最少的会计 -->
	<select id="findAccountingWithLeastTasks" resultType="com.hikvision.it.expense.api.entity.task.TaskOwner">
	<![CDATA[
	select *
	  from (select p.user_empid owner,
	               (case
	                 when pn.username is null then
	                  p.user_unque_name
	                 else
	                  pn.username
	               end) ownername,
	               p.user_inmail ownermail
	          from hikepadm.t_cfg_f01_approver t
	         inner join hikepadm.z_wem_basic_person_info p
	            on p.user_empid = t.userid
	          left join hikepadm.z_wem_basic_per_national pn
	            on pn.lang = #{language, jdbcType=VARCHAR}
	           and pn.userid = t.userid
	         order by t.tasknumber)
	 where rownum = 1
	]]>
	</select>
</mapper>