<?xml version="1.0" encoding="UTF-8" ?>
<!DOCTYPE mapper
 PUBLIC "-//mybatis.org//DTD Mapper 3.0//EN"
"http://mybatis.org/dtd/mybatis-3-mapper.dtd">
<mapper namespace="com.hikvision.it.expense.rpc.dao.attachment.IAttachmentDao">
	<resultMap type="com.hikvision.it.expense.api.entity.attachment.Attachment" id="attach">
	</resultMap>
	<insert id="saveAttachment">
		INSERT INTO HIKEPADM.Z_WEM_BUS_ATTACHMENT(
		ATTACHID,
		PROCESSID,
		REAL_NAME,
		FILE_NAME,
		FILE_SIZE,
		FILE_TYPE,
		FILE_URL,
		CREATOR,
		CREATE_DATE
		)VALUES(sys_guid(),
		#{attachment.docId,jdbcType=VARCHAR},
		#{attachment.realName,jdbcType=VARCHAR},
		#{attachment.fileName,jdbcType=VARCHAR},
		#{attachment.fileSize,jdbcType=INTEGER},
		#{attachment.fileType,jdbcType=VARCHAR},
		#{attachment.fileUrl,jdbcType=VARCHAR},
		#{attachment.creator,jdbcType=VARCHAR},
		sysdate)
	</insert>

	<select id="getByDocId" resultMap="attach">
		SELECT AT.REAL_NAME realName,
		AT.FILE_NAME fileName,
		AT.FILE_SIZE fileSize,
		AT.FILE_TYPE fileType,
		AT.FILE_URL fileUrl,
		AT.PROCESSID docId,
		AT.CREATOR,
		PN.USERNAME creatorName,
		AT.CREATE_DATE createTime,
		AT.ATTACHID id
		FROM
		Z_WEM_BUS_ATTACHMENT AT
		LEFT JOIN
		Z_WEM_BASIC_PER_NATIONAL PN on
		(PN.USERID=AT.CREATOR AND PN.LANG=#{language})
		WHERE AT.ISDEL IS NULL
		AND AT.PROCESSID=#{docId, jdbcType=VARCHAR}
		ORDER BY CREATE_DATE
	</select>

	<select id="getOne" resultMap="attach">
		SELECT AT.REAL_NAME realName,
		AT.FILE_NAME fileName,
		AT.FILE_SIZE fileSize,
		AT.FILE_TYPE fileType,
		AT.FILE_URL fileUrl,
		AT.PROCESSID docId,
		AT.CREATOR,
		AT.CREATE_DATE createTime,
		AT.ATTACHID id
		FROM
		Z_WEM_BUS_ATTACHMENT AT
		WHERE
		AT.ISDEL
		IS NULL
		AND
		AT.ATTACHID=#{attachmentId}
	</select>

</mapper>