<?xml version="1.0" encoding="UTF-8" ?>
<!DOCTYPE mapper
 PUBLIC "-//mybatis.org//DTD Mapper 3.0//EN"
"http://mybatis.org/dtd/mybatis-3-mapper.dtd">
<mapper namespace="com.hikvision.it.expense.rpc.dao.base.IBaseDao">
	<resultMap type="com.hikvision.it.expense.api.entity.base.SelectOpt" id="opt"></resultMap>

    <select id="listHolidays" resultType="com.hikvision.it.expense.api.entity.allowance.HolidayWork">
        select
            HOLIDATE workDate
        from HIKEPADM.Z_WEM_BASIC_HOLIDAY
        where companycode = #{bukrs, jdbcType=VARCHAR} and
              holidate between #{fromDate, jdbcType=DATE} and #{toDate, jdbcType=DATE}
        order by holidate
    </select>

	<!-- 根据用户、单据类别获取币别下拉 -->
	<select id="findSelectCurrencyByUser" resultMap="opt">
		<![CDATA[
		select t.currency as id, t.currency as text
		  from hikepadm.t_cfg_select_currency t
		 where t.cfgid = #{userId, jdbcType=VARCHAR}
		   and t.doctype = #{docType, jdbcType=VARCHAR}
		   and t.validfrom <= sysdate
		   and t.validto >= sysdate
		 order by t.idx
		]]>
	</select>

	<!-- 查询科目下拉 -->
	<select id="findSelectGlAcccount" resultMap="opt">
		<![CDATA[
		select t.datacode as "id", t.shorttext as text
		  from z_wem_data_directory_view t
		 where datatype = 'D208'
		   and t.LANGUAGE = 'ZH'
		   and regexp_like(concat(t.DATACODE, t.SHORTTEXT), #{filter, jdbcType=VARCHAR})
		 order by t.datacode
		]]>
	</select>
	
	<select id="findSelectCurrency" resultMap="opt">
	<![CDATA[
	select v.datacode as id, v.shorttext as text
	  from hikepadm.z_wem_data_directory_view v
	 where v.datatype = 'D103'
	   and v.language = 'ZH'
	   and regexp_like(upper(v.datacode || v.shorttext), #{filter, jdbcType=VARCHAR})
	union
	select v.datacode as id, v.SHORTTEXT as text
	  from hikepadm.z_wem_data_directory_view v
	 where v.datatype = 'D103'
	   and v.language = #{language, jdbcType=VARCHAR}
	   and exists (select 1
	          from hikepadm.t_cfg_currency_country c
	         where c.currency = v.datacode
	           and exists (select 1
	                  from hikepadm.z_wem_basic_city_country cc
	                 inner join hikepadm.z_wem_basic_city_region t
	                    on cc.cityid = t.cityid
	                 where cc.language = #{language, jdbcType=VARCHAR}
	                   and c.country = cc.countryid
	                   and regexp_like(upper(t.cityregion || cc.countrydesc), #{filter, jdbcType=VARCHAR})))
	]]>
	</select>
	
	<!-- 获取员工所属销售区域 -->
	<select id="listSalesArea" resultMap="opt">
	<![CDATA[
	select sa.areaid id, sa.areaname text
	  from hikepadm.z_bc_sales_area sa
	 inner join hikepadm.z_bc_per_area pa
	    on pa.areaid = sa.areaid
	   and pa.flag = 'D'
	   and pa.user_empid = #{userId, jdbcType=VARCHAR}
	 where sa.flag = 'D'
	]]>
	</select>
	
	<!-- 根据语言获取币别下拉选项 -->
	<select id="listCurrencyOpt" resultMap="opt">
	select t.currency id, t.currency || '-' || v.shorttext as text
	  from hikepadm.z_wem_basic_currency t
	  left join hikepadm.z_wem_data_directory_view v
	    on v.datatype = 'D103'
	   and v.language = #{language, jdbcType=VARCHAR}
	   and v.datacode = t.currency
	<if test="country != null and country != ''">
	  left join hikepadm.t_cfg_currency_country c
	    on c.currency = t.currency
	   and c.country = #{country, jdbcType=VARCHAR}
	 order by c.idx, t.idx, t.currency
	</if>
	<if test="country == null or country == ''">
	order by t.idx, t.currency
	</if>
	</select>
	
	<!-- 获取市内交通工具类别 -->
	<select id="listCityTraficTool" resultMap="opt">
	<![CDATA[
	select t.toolcode as id, t.tooldesc text
	  from T_MDM_TRAFFIC_TOOL t
	 where t.tooltype = 'CITYTRIP'
	   and t.language = #{language, jdbcType=VARCHAR}
	 order by t.idx
	]]>
	</select>
	
	<!-- 获取所有报销费用类别 -->
	<select id="listExpenseFeeType" resultMap="opt">
	<![CDATA[
	select *
	  from (select t.smafeetype     as id,
	               t.feetype        as upid,
	               t.smafeetypename as text,
	               t.idx
	          from hikepadm.t_mdm_fee_sub t
	         where t.language = #{language, jdbcType=VARCHAR}
	           and t.isvalid = 'Y'
	        union all
	        select t.feetype as id, null as upid, t.feetypename as text, t.idx
	          from hikepadm.t_mdm_fee_type t
	         where t.language = #{language, jdbcType=VARCHAR}
	           and t.isvalid = 'Y')
	 order by upid desc, idx
	]]>
	</select>
	
	<!-- 根据公司代码、单据类别、报销类别获取费用类别 -->
	<select id="listDocExpenseFeeType" resultMap="opt">
	<![CDATA[
	select *
	  from (select t.smafeetype as id,
	               t.bigfeetype as upid,
	               fs.smafeetypename as text,
	               fs.idx
	          from hikepadm.t_mdm_doc_fee t
	         inner join hikepadm.t_mdm_fee_type ft
	            on ft.feetype = t.bigfeetype
	           and ft.language = #{language, jdbcType=VARCHAR}
	           and ft.isvalid = 'Y'
	         inner join hikepadm.t_mdm_fee_sub fs
	            on fs.smafeetype = t.smafeetype
	           and fs.language = #{language, jdbcType=VARCHAR}
	           and fs.isvalid = 'Y'
	         where t.doctype = #{docType, jdbcType=VARCHAR}
	           and t.expensetype = #{expenseType, jdbcType=VARCHAR}
	           and t.bukrs = #{bukrs, jdbcType=VARCHAR}
	        union all
	        select distinct t.bigfeetype   as id,
	                        null           as upid,
	                        ft.feetypename as text,
	                        ft.idx
	          from hikepadm.t_mdm_doc_fee t
	         inner join hikepadm.t_mdm_fee_type ft
	            on ft.feetype = t.bigfeetype
	           and ft.language = #{language, jdbcType=VARCHAR}
	           and ft.isvalid = 'Y'
	         where t.doctype = #{docType, jdbcType=VARCHAR}
	           and t.expensetype = #{expenseType, jdbcType=VARCHAR}
	           and t.bukrs = #{bukrs, jdbcType=VARCHAR})
	 order by upid, idx, id
	]]>
	</select>
	
	<!-- 获取现金科目 -->
	<select id="findCurrencySubject" resultType="com.hikvision.it.expense.api.entity.base.SelectOpt">
	<![CDATA[
	select t.subject as id, v.shorttext as text
	  from hikepadm.t_cfg_curr_sub t
	 inner join hikepadm.z_wem_data_directory_view v
	    on v.datatype = 'D208'
	   and v.datacode = t.subject
	   and v.language = #{language, jdbcType=VARCHAR}
	 where t.currency = #{currency, jdbcType=VARCHAR}
	   and t.validfrom <= sysdate 
	   and t.validto >= sysdate
	]]>
	</select>
	
	<!-- 获取银行存款科目 -->
	<select id="findBankSubjectByBukrs" resultType="com.hikvision.it.expense.api.entity.base.SelectOpt">
	<![CDATA[
	select t.subject as id, v.shorttext as text
	  from hikepadm.z_wem_basic_sub_comp_rel t
	 inner join hikepadm.z_wem_data_directory_view v
	    on v.datatype = 'D208'
	   and v.datacode = t.subject
	   and v.language = #{language, jdbcType=VARCHAR}
	 where t.companycode = #{bukrs, jdbcType=VARCHAR}
	   and t.currency = #{currency, jdbcType=VARCHAR}
	]]>
	</select>
	
	<!-- 根据公司、单据类别获取币别下拉 -->
	<select id="findSelectCurrencyByBukrs" resultMap="opt">
		<![CDATA[
		select t.currency as id, t.currency as text
		  from hikepadm.t_cfg_select_currency t
		 where t.cfgid = #{bukrs, jdbcType=VARCHAR}
		   and t.doctype = #{docType, jdbcType=VARCHAR}
		   and t.validfrom <= sysdate
		   and t.validto >= sysdate
		 order by t.idx
		]]>
	</select>
	
	<!-- 根据语言获取差旅交通工具信息 -->
	<select id="findTipTool" resultMap="opt">
	<![CDATA[
	select t.toolcode as id, t.uptoolcode as upid, t.tooldesc as text
	  from hikepadm.t_mdm_traffic_tool t
	 start with t.uptoolcode is null
	        and t.tooltype = 'LONGTRIP'
	        and t.language = #{language, jdbcType=VARCHAR}
	connect by prior t.toolcode = t.uptoolcode
	       and t.tooltype = 'LONGTRIP'
	       and t.language = #{language, jdbcType=VARCHAR}
	 order by t.idx
	]]>
	</select>
	
	<!-- 根据公司代码获取base地 -->
	<select id="getBukrsBaseCountry" resultType="java.lang.String">
	<![CDATA[
	select t.country_code 
	  from hikepadm.z_wem_basic_company_info t 
	 where t.companycode = #{bukrs, jdbcType=VARCHAR}
	]]>
	</select>
	
	<resultMap type="com.hikvision.it.expense.api.entity.base.TripCity" id="tripCity"></resultMap>
	<!-- 获取员工最近使用的城市 -->
	<select id="findCommonUsedCity" resultMap="tripCity">
	<![CDATA[
	select t.country countryId,
	       (case
	         when #{language,jdbcType=VARCHAR} = 'ZH' then
	          c.countrydesc
	         else
	          c.countryid
	       end) countryName,
	       t.city cityId,
	       c.citydesc cityName
	  from hikepadm.t_cfg_user_trip_city t
	 inner join hikepadm.z_wem_basic_city_country c
	    on t.city = c.cityid
	   and c.language = #{language,jdbcType=VARCHAR}
	 where t.userid = #{userId,jdbcType=VARCHAR}
	 order by c.seq desc
    ]]>
	</select>

	<!-- 查询住宿标准 -->
	<select id="matchCityStayStandrand" resultMap="tripCity">
	with tmp as (
	<foreach collection="cities" item="city" index="index" separator="union all">
		<![CDATA[
	   select #{city.cityId, jdbcType=VARCHAR} as cityid,
			   #{city.cityName, jdbcType=VARCHAR} as cityname,
			   #{city.countryId, jdbcType=VARCHAR} as countryid,
			   #{city.countryName, jdbcType=VARCHAR} as countryname from dual
		]]>
	</foreach>
		)
	<![CDATA[
	select tm.*, b.zs_amt stayStandardAmt, 'CNY' currency, '1' lv
	  from tmp tm
	 inner join hikepadm.z_wem_basic_bsc b
		on tm.cityid = b.cityid
	 inner join hikepadm.Z_WEM_BASIC_FGS t
		on b.companycode = t.companycode
	 where exists (select 1
			  from hikepadm.z_wem_basic_person_info p
			 inner join hikepadm.z_wem_basic_department_info d
				on d.deptcode = p.user_deptcode
			 where p.user_empid = #{userId, jdbcType=VARCHAR}
			   and d.deptcodepath like t.deptcodepath || '%')
	union all
	select tm.*, s.allowancevalue stayStandardAmt, s.currency, '2' lv
	  from tmp tm
	 inner join hikepadm.z_wem_basic_district di
		on di.startdate <= sysdate
	   and di.enddate >= sysdate
	   and di.cityid = (case when tm.countryid = 'CN' then tm.cityid else tm.countryid end)
	 inner join hikepadm.z_wem_basic_subsidy s
		on s.companycode = '8100'
	   and s.allowancetype = '002'
	   and di.regclassid = s.regclassid
	   and s.startdate <= sysdate and s.enddate >= sysdate
	   and s.empclassid = (select pi.pergradeid
					   from hikepadm.z_wem_basic_person_info pi
					  where pi.user_empid = #{userId, jdbcType=VARCHAR})
	]]>
	</select>
	
	<!-- 查询差旅城市列表 -->
	<select id="findTripCity" resultMap="tripCity">
	<![CDATA[
	select *
	  from (select t.countryid,
	               (case
	                 when #{language, jdbcType=VARCHAR} = 'ZH' then
	                  t.countrydesc
	                 else
	                  t.countryid
	               end) countryName,
	               t.cityid,
	               t.citydesc    cityName
	          from hikepadm.z_wem_basic_city_country t
	         where t.language = #{language, jdbcType=VARCHAR}
	           and exists (select 1
	                  from hikepadm.z_wem_basic_city_region r
	                 where t.cityid = r.cityid
	                   and r.cityregion like '%'||#{filter, jdbcType=VARCHAR}||'%')
	         order by t.seq)
	 where rownum <= 20
	]]>
	</select>
	
	<!-- 获取单据的费用归属公司代办池启用标识 -->
	<select id="getBukrsAccountingPoolPlag" resultType="java.lang.String">
	<![CDATA[
	select c.taskpoolflag
	  from hikepadm.z_wem_basic_company_info c
	 where exists (select 1
	          from hikepadm.z_wem_bus_flow f
	         where f.companycode = c.companycode
	           and f.processid = #{docId, jdbcType=VARCHAR})
	]]>
	</select>
	
	<!-- 根据消费日期、消费币别获取兑美元汇率基数 -->
	<select id="findRateBaseValue" resultType="java.math.BigDecimal">
	<![CDATA[
	select t.exrate
	  from hikepadm.z_wem_basic_exchange_rate t
	 where exists
	 (select 1
	          from dual
	         where (t.currency1 = 'USD' and t.currency2 = #{currency, jdbcType=VARCHAR} and
	               t.curdate =
	               (select max(curdate)
	                   from hikepadm.z_wem_basic_exchange_rate r
	                  where r.currency1 = t.currency1
	                    and r.currency2 = t.currency2
	                    and r.curdate <= to_date(#{date, jdbcType=VARCHAR}, 'yyyy-mm-dd'))))
	]]>
	</select>
	
	<!-- 根据公司代码、部门获取研发订单 -->
	<select id="findOrderNo" resultType="java.lang.String">
	<![CDATA[
	select t.orderno
	  from hikepadm.t_mdm_yf_order t
	 where t.bukrs = #{bukrs, jdbcType=VARCHAR}
	   and t.deptcode = #{deptCode, jdbcType=VARCHAR}
	   and t.validfrom <= sysdate
	   and t.validto >= sysdate
	]]>
	</select>
	
	<!-- 获取部门类别 -->
	<select id="findDeptOrderInfo" resultType="com.hikvision.it.expense.api.entity.dept.Dept">
	<![CDATA[
	select t.deptcode,
	       t.deptype deptType,
	       y.orderno,
	       y.orderdesc,
	       d.costcenter,
	       d.costcentername,
	       d.accdeptcode    rldept,
	       d.accdeptname    rldeptname
	  from hikepadm.Z_WEM_BASIC_DEPARTMENT_INFO t
	  left join hikepadm.z_wem_basic_dep_costcenter d
	    on d.companycode = #{bukrs, jdbcType=VARCHAR}
	   and d.deptcode = t.deptcode
	   and d.validfrom <= sysdate
	   and d.validto >= sysdate
	  left join hikepadm.t_mdm_yf_order y
	    on y.bukrs = #{bukrs, jdbcType=VARCHAR}
	   and y.deptcode = t.deptcode
	   and y.validfrom <= sysdate
	   and y.validto >= sysdate
	 where t.deptcode = #{deptCode, jdbcType=VARCHAR}
	]]>
	</select>
	
	<resultMap type="com.hikvision.it.expense.api.entity.base.Notice" id="notice"></resultMap>
	<!-- 获取公告信息 -->
	<select id="listNotices" resultMap="notice">
	<![CDATA[
	select *
	  from (select a.*, rownum rn
	          from (select to_char(t.pubdate, 'yyyy-mm-dd') publishdate,
	                       t.title,
	                       t.comments as content
	                  from hikepadm.Z_WEM_SYS_NOTICE t
	                 where t.flag = 'P'
	                 order by t.pubdate desc) a
	         where rownum <= #{pageNumber, jdbcType=NUMERIC} * #{pageSize, jdbcType=NUMERIC})
	 where rn > (#{pageNumber, jdbcType=NUMERIC} - 1) * #{pageSize, jdbcType=NUMERIC}
	]]>
	</select>
	
	<!-- 获取公司信息 -->
	<select id="getCompanyInfo" resultMap="opt">
		<![CDATA[
		select t.companycode id,t.companycode || ' ' || t.companyname text from hikepadm.z_wem_basic_company_info t
		WHERE 
		regexp_like(t.companycode||t.companyname,#{searchText, jdbcType=VARCHAR},'i')
		and ROWNUM < 10
		order by t.companycode
		]]>
	</select>
	
	<resultMap type="com.hikvision.it.expense.api.entity.base.SubBukrsFxwd" id="subBukrsFxwd"></resultMap>
	<!-- 匹配分公司分析维度 -->
	<select id="matchSubBukrsFxwd" resultMap="subBukrsFxwd">
	<![CDATA[
	select a.*
	  from (select t.needindusty   industryFlag,
	               t.needsalesarea salesAreaFlag,
	               t.enablepgd     jfpgflag,
	               1               idx
	          from hikepadm.z_bc_fgs_fxwd t
	         where t.flag = 'D'
	           and exists (select 1
	                  from hikepadm.z_wem_basic_department_info d
	                 where d.deptcode = #{deptCode, jdbcType=VARCHAR}
	                   and d.deptcodepath = t.deptcode)
	        union
	        select t.needindusty   industryFlag,
	               t.needsalesarea salesAreaFlag,
	               t.enablepgd     jfpgflag,
	               2               idx
	          from hikepadm.z_bc_fgs_fxwd t
	         where t.flag = 'D'
	           and exists (select 1
	                  from hikepadm.z_wem_basic_department_info d
	                 where d.deptcode = #{deptCode, jdbcType=VARCHAR}
	                   and d.deptcodepath like t.deptcode)) a
	 order by a.idx
	]]>
	</select>
	
	<!-- 根据部门代码获取是否需要商机、客户、用户 -->
	<select id="countBussinessOptNeedAmount" resultType="java.lang.Integer">
	<![CDATA[
	select count(1)
	  from hikepadm.z_wem_basic_department_info dept
	 where dept.deptcode = #{deptCode, jdbcType=VARCHAR}
	   and dept.deptcodepath like '000199%'
	   and deptcode not in
	       (select t.deptcode
	          from hikepadm.z_wem_basic_department_info t
	         start with t.deptcode in ('000202',
	                                   '000203',
	                                   '000783',
	                                   '000200',
	                                   '003195',
	                                   '000201')
	        connect by prior t.deptcode = t.dept_upcode)
	   and (dept.deptcodepath like '%000223%' or
	       dept.deptcodepath like '%000222%' or
	       dept.deptcodepath like '%001925%' or
	       dept.deptcodepath like '%000212%' or
	       dept.deptcodepath like '%000220%')
	]]>
	</select>
	
	<!-- 获取员工是否需要填写售前派工 -->
	<select id="getUserNeedSqpgFlag" resultType="java.lang.String">
	<![CDATA[
	with tmp as
	 (select a.*, rownum
	    from ((select (case
	                    when t.flag = 'I' then
	                     'Y'
	                    else
	                     'N'
	                  end) flag,
	                  1 idx
	             from hikepadm.z_wem_basic_sqpg_rel t
	            where t.value = #{userId, jdbcType=VARCHAR}
	              and t.start_date <= sysdate
	              and t.end_date >= sysdate
	           union all
	           select (case
	                    when t.flag = 'I' then
	                     'Y'
	                    else
	                     'N'
	                  end) flag,
	                  2 idx
	             from hikepadm.z_wem_basic_sqpg_rel t
	            where exists (select 1
	                     from hikepadm.z_wem_basic_person_info p
	                    where p.user_empid = #{userId, jdbcType=VARCHAR}
	                      and t.value = p.user_deptcode)
	              and t.start_date <= sysdate
	              and t.end_date >= sysdate)) a
	   order by a.idx)
	select flag from tmp where rownum = 1
	]]>
	</select>

	<!-- 筛选公司信息 -->
	<resultMap id="bukrs" type="com.hikvision.it.expense.api.entity.bukrs.Bukrs"></resultMap>
	<select id="listBukrs" resultMap="bukrs">
	select t.companycode as bukrs, t.companyname as bukrsname
	  from hikepadm.z_wem_basic_company_info t
	<if test="filter != null and filter != ''">
	 where regexp_like(concat(t.companycode, t.companyname), #{filter, jdbcType=VARCHAR})
	</if>
	 order by t.companycode
	</select>

	<select id="listLifnr" resultMap="opt">
	select distinct t.lifnr as id, t.ktext as text
	  from wemext.t_mdm_sap_customer t
	 where t.lifnr_type = 'V'
	   and regexp_like(concat(t.lifnr, t.ktext), #{filter, jdbcType=VARCHAR})
	</select>

	<select id="listAdviceSmaFee" resultMap="opt">
		<![CDATA[
		select *
		  from (select b1.zh_desc  as upid,
					   t.id as id,
					   b2.zh_desc  as text
				  from hikepadm.t_cfg_doc_bus t
				 inner join hikepadm.t_mdm_bus_1st b1
					on b1.bus_1_id = t.bus_1_id
				 inner join hikepadm.t_mdm_bus_2st b2
					on b2.bus_2_id = t.bus_2_id
				 where t.doctype = 'YF01'
				   and t.id <> 'YF011033829'
				union all
				select t.cfg_type        as upid,
					   to_char(t.exp_cat_id)      as id,
					   t.exp_description as text
				  from wemext.t_cfg_bus_2nd t
				 where t.process_objectid in ('1004', '1005', '1006')) d
		 order by d.upid, d.id
		]]>
	</select>
</mapper>