<?xml version="1.0" encoding="UTF-8" ?>
<!DOCTYPE mapper
 PUBLIC "-//mybatis.org//DTD Mapper 3.0//EN"
"http://mybatis.org/dtd/mybatis-3-mapper.dtd">
<mapper namespace="com.hikvision.it.expense.rpc.dao.batch.IBatchDao">

	<resultMap type="com.hikvision.it.expense.api.entity.batch.PayDetail" id="payDetail"></resultMap>
	<!-- 根据当前登陆人员 获取待批量确认的付款明细 -->
	<select id="getPayDetails" resultMap="payDetail">
	   <![CDATA[
	   select h.taskId,
              f.processId docId,
              f.applyId,
              vh.userCode expensor,
              p.user_name expensorName,
              v.shortText processName,
              vh.vouch_index,
              vh.companyCode bukrs,
              c.companyName bukrsName,
              pi.user_name apUserName,
              nvl(vh.sapReceiptNum, ' ') belnr,
              nvl(vd.amount, 0) amount,
              vh.currency,
              vh.postDate,
              vh.postPeriod,
              substr(vh.postPeriod, 0, 4) gjahr,
              vh.headerId,
              c.isSAP,
              r.processType,
              vd.lineNo,
              f.synchflag
         from HIKEPADM.T_BPM_TASK_INSTANCE h
        inner join HIKEPADM.T_BPM_PROCESS_INSTANCE p
           on h.processId = p.processId
        inner join Z_WEM_BUS_FLOW f
           on f.processId = p.docId
       ]]>      
       <!-- 拼接付款公司查询条件 -->    
	   <if test="filter.bukrs != null and filter.bukrs != ''">
			and f.companyCode = #{filter.bukrs, jdbcType=VARCHAR}
	   </if>
	   <!-- 拼接申请单查询条件 -->
	   <if test="filter.applyId != null and filter.applyId != ''">
			and f.applyId like '%' || #{filter.applyId, jdbcType=VARCHAR} || '%'
	   </if>
            inner join Z_WEM_BUS_DOC_NUMBER_RANGE r on r.processCode = f.processCode 
            inner join Z_WEM_BASIC_PERSON_INFO p on p.user_empid = f.claimUser
               
       <!-- 拼接申请人员姓名查询条件 -->
   	   <if test="filter.userName != null and filter.userName != ''">
			and p.user_name like '%' || #{filter.userName, jdbcType=VARCHAR} || '%'
	   </if>
            inner join Z_WEM_DATA_DIRECTORY_VIEW v on v.dataType = 'D104' AND v.language = #{language, jdbcType=VARCHAR}  
                       and v.dataCode = f.processCode 
            inner join Z_WEM_BASIC_COMPANY_INFO c on c.companyCode = f.companyCode and c.isSAP = 'X'
            inner join HIKEPADM.T_BPM_TASK_INSTANCE_OWNER o ON o.taskId = h.taskId AND o.userId = #{userId, jdbcType=VARCHAR}
            inner join Z_WEM_BUS_VOUCH_HEADERS vh on vh.procNum = f.processId and vh.fkStatus = 'D'
       <!-- 拼接时间区间查询条件 -->
	   <if test="filter.startDate != null">
	  		<![CDATA[
			and vh.postDate >= #{filter.startDate, jdbcType=DATE}
	  		]]>  
	   </if>
	   <if test="filter.endDate != null">
	  		<![CDATA[
			and vh.postDate <= #{filter.endDate, jdbcType=DATE}
			]]>  
	   </if>
            inner join Z_WEM_BUS_VOUCH_DETAILS vd on vd.headerId = vh.headerId and ((vd.drCode = '31' or (vd.drCode = '50' AND (f.processcode = 'WEM003' or f.processcode = 'WEM001'))) )   
            inner join Z_WEM_BASIC_PERSON_INFO pi on pi.user_empid = vh.apUserCode 
            
       <!-- 拼接财务人员查询条件 -->
       <if test="filter.apUserName != null and filter.apUserName != ''">
			and pi.user_name like #{filter.apUserName, jdbcType=VARCHAR} || '%'
	   </if>
            where h.taskName = 'F06' and h.status = 'N'
            order by vh.postDate desc
	</select>

</mapper>
