<?xml version="1.0" encoding="UTF-8" ?>
<!DOCTYPE mapper
 PUBLIC "-//mybatis.org//DTD Mapper 3.0//EN"
"http://mybatis.org/dtd/mybatis-3-mapper.dtd">
<mapper namespace="com.hikvision.it.expense.rpc.dao.behavior.IBehaviorDao">
	<!-- 更新选择城市更新时间 -->
	<update id="updateSelectTripCityUpTime">
	<![CDATA[
	update hikepadm.t_cfg_user_trip_city t
	   set t.uptime = #{tripDay.upTime,jdbcType=NUMERIC}
	 where t.userid = #{tripDay.userId,jdbcType=VARCHAR}
	   and t.city = #{tripDay.tripCity,jdbcType=VARCHAR}
	]]>
	</update>

	<!-- 新增员工差旅城市信息 -->
	<insert id="recordSelectTripCity">
	<![CDATA[
	insert into hikepadm.t_cfg_user_trip_city
	  (id, userid, username, country, city, citydesc, uptime)
	  (select #{tripDay.id,jdbcType=VARCHAR},
	          #{tripDay.userId,jdbcType=VARCHAR},
	          #{tripDay.userName,jdbcType=VARCHAR},
	          #{tripDay.tripCountry,jdbcType=VARCHAR},
	          #{tripDay.tripCity,jdbcType=VARCHAR},
	          #{tripDay.tripCityDesc,jdbcType=VARCHAR},
	          #{tripDay.upTime,jdbcType=NUMERIC}
	     from dual
	    where not exists (select 1
	             from hikepadm.t_cfg_user_trip_city c
	            where c.userid = #{tripDay.userId,jdbcType=VARCHAR}
	              and c.city = #{tripDay.tripCity,jdbcType=VARCHAR}))
	]]>
	</insert>
	
	<!-- 记录员工选择的数据 -->
	<insert id="recordSelectOpt">
	<![CDATA[
	insert into hikepadm.t_cfg_user_select
	  (id, userid, username, behavior, datacode, datadesc, uptime)
	  (select sys_guid(),
	          #{opt.userId,jdbcType=VARCHAR},
	          #{opt.userName,jdbcType=VARCHAR},
	          #{opt.behavior,jdbcType=VARCHAR},
	          #{opt.id,jdbcType=VARCHAR},
	          #{opt.text,jdbcType=VARCHAR},
	          #{opt.upTime,jdbcType=NUMERIC}
	     from dual
	    where not exists (select 1
	             from hikepadm.t_cfg_user_select c
	            where c.userid = #{opt.userId,jdbcType=VARCHAR}
	              and c.behavior = #{opt.behavior,jdbcType=VARCHAR}
	              and c.datacode = #{opt.id,jdbcType=VARCHAR}))
	]]>
	</insert>

	<resultMap type="com.hikvision.it.expense.api.entity.base.TripCity" id="tripCity"></resultMap>
	<!-- 获取员工最近使用的城市 -->
	<select id="findCommonUsedCity" resultMap="tripCity">
	<![CDATA[
	select t.country countryId,
	       (case
	         when #{language,jdbcType=VARCHAR} = 'ZH' then
	          c.countrydesc
	         else
	          c.countryid
	       end) countryName,
	       t.city cityId,
	       c.citydesc cityName
	  from hikepadm.t_cfg_user_trip_city t
	 inner join hikepadm.z_wem_basic_city_country c
	    on t.city = c.cityid
	   and c.language = #{language,jdbcType=VARCHAR}
	 where t.userid = #{userId,jdbcType=VARCHAR}
	 order by t.uptime desc
    ]]>
	</select>
	
	<resultMap type="com.hikvision.it.expense.api.entity.base.SelectOpt" id="opt"></resultMap>
	<!-- 根据选择类别获取员工常用选择 -->
	<select id="findCommonUserdSelect" resultMap="opt">
	<![CDATA[
	select t.datacode as id, t.datadesc as text
	  from hikepadm.t_cfg_user_select t
	 where t.userid = #{userId, jdbcType=VARCHAR}
	   and t.behavior = #{behavior, jdbcType=VARCHAR}
	 order by t.uptime desc
	]]>
	</select>
</mapper>