<?xml version="1.0" encoding="UTF-8" ?>
<!DOCTYPE mapper
 PUBLIC "-//mybatis.org//DTD Mapper 3.0//EN"
"http://mybatis.org/dtd/mybatis-3-mapper.dtd">
<mapper namespace="com.hikvision.it.expense.rpc.dao.fee.IFeeDao">
	<resultMap type="com.hikvision.it.expense.api.entity.base.ChartData" id="chartData"></resultMap>
	<!-- 获取未报销费用统计信息用于图表展示 -->
	<select id="listUnExpenseFeeDataForChart" resultMap="chartData">
		<![CDATA[
		select sum(nvl(t.localamount, 0)) amount, t.bigfeetype feetype, f.feetypename
		  from hikepadm.t_rec_fee_info t
		 inner join hikepadm.t_mdm_fee_type f
		    on f.language = #{language, jdbcType=VARCHAR}
		   and t.bigfeetype = f.feetype
		 where t.userid = #{userId, jdbcType=VARCHAR}
		   and t.status = '1'
		 group by t.bigfeetype, f.feetypename
		]]>
	</select>
	
	<resultMap type="com.hikvision.it.expense.api.entity.fee.FeeDetail" id="feeDetail"></resultMap>
	<!-- 获取所有未报销的生育费用信息 -->
	<select id="listUnExpensedBirthInfo" resultMap="feeDetail">
	<![CDATA[
	select to_char(sysdate, 'yyyy-mm-dd') feeFromDate,
		   t.userid,
	       t.username,
	       t.oadocid oaid,
	       t.oaurl,
	       t.sbcd_amt socialOffsetAmount,
	       t.hdbx_amt localAmount,
           to_char(t.hd_date, 'yyyy-mm-dd') approvedDate,
	       'BIRTH' feetype,
	       '660609' bigfeetype,
	       '66060905' smafeetype
	  from hikepadm.t_exp_ctrl_birth t
	 where t.userid = #{userId, jdbcType = VARCHAR}
	   and t.exp_flag = '0'
	]]>
	</select>
	
	<!-- 获取所有未报销的车辆补贴信息 -->
	<select id="listUnExpensedCarSubsidy" resultMap="feeDetail">
	<![CDATA[
	select t.user_empid     userid,
		   to_char(sysdate, 'yyyy-mm-dd') feeFromDate,
	       t.year,
	       t.month,
	       t.allowancevalue as localAmount,
	       t.sbsx           as sbsxflag,
	       'CLBT' feetype,
	       'C104' bigfeetype,
	       'C10401' smafeetype
	  from hikepadm.z_wem_bus_vehicle_allowance t
	 where t.user_empid = #{userId, jdbcType = VARCHAR}
	   and to_number(t.year) > 2014
	   and to_number(t.year || t.month) < to_number(to_char(sysdate, 'yyyymm'))
	   and t.paymentflag = 'D'
	 order by t.year, t.month
	]]>
	</select>
	
	<!-- 计算已报销的市内交通金额 -->
	<select id="countExpensedCityTrafficAmount" resultMap="feeDetail">
	select sum(nvl(case
	                 when t.tzbwbamt is not null then
	                  t.tzbwbamt
	                 else
	                  t.stamt
	               end,
	               0)) expensedCityTrafficAmount,
	       to_char(t.feedate, 'yyyy') year,
	       to_char(t.feedate, 'mm') month
	  from hikepadm.z_wem_bus_travel_ofees_detail t
	 where t.subfeetype = 'C10201'
	   and exists
	 (select f.*
	          from z_wem_bus_flow f
	         where f.claimuser = #{userId, jdbcType = VARCHAR}
	           and f.docstatus in ('S002', 'S005', 'S003', 'S004')
	           and f.processcode = 'WEM008'
	           and f.category = 'H1'
	           and f.processid = t.processid)
	   and to_char(t.feedate, 'yyyymm') in 
	<foreach collection="allowances" item="item" index="index" open="(" close=")" separator=",">
		<![CDATA[
		   #{item.year, jdbcType=VARCHAR} || #{item.month, jdbcType=VARCHAR}
		]]>
	</foreach>
	group by to_char(t.feedate, 'yyyy'), to_char(t.feedate, 'mm')
	</select>

	<!-- 获取员工当前年月已报销的费用明细 -->
	<select id="getExpensedTrafficFees" resultType="com.hikvision.it.expense.api.entity.fee.ExpensedTrafficFee">
        select
            f.processid                      docId,
            f.applyid                        docNo,
            to_char(d.feedate, 'yyyy-mm-dd') feeDate,
            nvl(case
                when d.tzbwbamt is not null
                    then
                        d.tzbwbamt
                else
                    d.stamt
                end,
                0)                           amount,
            v.shorttext                      toolDesc,
            d.remark,
            d.currtype                       currency,
            f.docstatusname                  docStatusName
        from hikepadm.z_wem_bus_flow f
            inner join hikepadm.z_wem_bus_travel_ofees_detail d
                on d.processid = f.processid
                   and d.subfeetype = 'C10201'
                   and to_char(d.feedate, 'yyyy') = #{year, jdbcType=VARCHAR}
                   and to_char(d.feedate, 'mm') = #{month, jdbcType=VARCHAR}
            inner join hikepadm.z_wem_data_directory_view v on v.DATATYPE = 'D119' and v.DATACODE = d.tool
        where f.claimuser = #{userId, jdbcType=VARCHAR}
              and f.processid = d.processid
              and f.docstatus in ('S002', 'S005', 'S003', 'S004')
              and f.processcode = 'WEM008'
              and f.category = 'H1'
	</select>

	<resultMap type="com.hikvision.it.expense.api.entity.base.OverStandard" id="overStandard"></resultMap>
	<!-- 根据招待方式，获取所有匹配的招待标准 -->
	<select id="listServeStandards" resultMap="overStandard">
	<![CDATA[
	select er.bustype     servetype,
	       er.custgradeid servegrade,
	       er.pergradeid  usergrade,
	       er.currency    standardcurrency,
	       er.avgje 	  standardamount
	  from z_wem_basic_customer_quota er
	 where er.bustype = #{serveType, jdbcType=VARCHAR}
	   and er.validfromdate <= sysdate
	   and er.validtodate >= sysdate
	 order by er.bustype, er.custgradeid, er.pergradeid
	]]>
	</select>
	
	<!-- 匹配住宿标准 -->
	<select id="matchStaysStandard" resultType="com.hikvision.it.expense.api.entity.base.OverStandard">
	<![CDATA[
	select t.currency standardCurrency,
       	   t.allowancevalue standardAmount
	  from hikepadm.z_wem_basic_subsidy t
	 where t.companycode = #{bukrs, jdbcType=VARCHAR}
	   and t.allowancetype = '002'
	   and t.empclassid = #{userGrade, jdbcType=VARCHAR}
	   and t.regclassid = #{placeGrade, jdbcType=VARCHAR}
	   and t.startdate <= sysdate
	   and t.enddate >= sysdate
		]]>
	</select>
	
	<!-- 更新车补报销状态 -->
	<update id="updateCarAllowanceExpensed">
	<![CDATA[
	update hikepadm.z_wem_bus_vehicle_allowance t
	   set t.paymentflag = 'Y', 
	   	   t.docid = #{docId, jdbcType=VARCHAR}, 
	   	   t.docno = #{docNo, jdbcType=VARCHAR}
	 where t.paymentflag = 'D'
	   and exists (select 1
	          from hikepadm.z_wem_bus_travel_ofees_detail d
	         where d.userid = t.user_empid
	           and d.reserv3 = t.year
	           and d.reserv2 = t.month
	           and d.processid = #{docId, jdbcType=VARCHAR})
	]]>
	</update>
	
	<!-- 更新生育费用报销状态 -->
	<update id="updateBirthExpensed">
	<![CDATA[
	update hikepadm.t_exp_ctrl_birth t
	   set t.exp_flag    = '1',
	       t.exp_docid   = #{docId, jdbcType=VARCHAR},
	       t.exp_applyid = #{docNo, jdbcType=VARCHAR},
	       t.exp_date    = trunc(sysdate, 'dd')
	 where t.exp_flag = '0'
	   and exists (select 1
	          from hikepadm.z_wem_bus_travel_ofees_detail d
	         where d.userid = t.userid
	           and d.oadocid = t.oadocid
	           and d.processid = #{docId, jdbcType=VARCHAR})
	]]>
	</update>
	
	<!-- 重置车补报销状态 -->
	<update id="resetCarAllowanceExpenseFlag">
	<![CDATA[
	update hikepadm.z_wem_bus_vehicle_allowance t
	   set t.paymentflag = 'D', 
	   	   t.docid = null, 
	   	   t.docno = null
	 where exists (select 1
	          from hikepadm.z_wem_bus_travel_ofees_detail d
	         where d.userid = t.user_empid
	           and d.reserv3 = t.year
	           and d.reserv2 = t.month
	           and d.processid = #{docId, jdbcType=VARCHAR})
	]]>
	</update>
	
	<!-- 重置生育费用报销状态 -->
	<update id="resetBirthExpenseFlag">
	<![CDATA[
	update hikepadm.t_exp_ctrl_birth t
	   set t.exp_flag    = '0',
	       t.exp_docid   = null,
	       t.exp_applyid = null,
	       t.exp_date    = null
	 where exists (select 1
	          from hikepadm.z_wem_bus_travel_ofees_detail d
	         where d.userid = t.userid
	           and d.oadocid = t.oadocid
	           and d.processid = #{docId, jdbcType=VARCHAR})
	]]>
	</update>
	
	<!-- 新增生育报销费用信息到ofee表中 -->
	<insert id="insertBirthOfeeDetails">
	insert into hikepadm.z_wem_bus_travel_ofees_detail
	  (id, processid, travelexpno, seqno, feetype,
	   bigfeetype, subfeetype, feedate, currtype, amt, ctajamt, 
	   stamt, CTAJAFAMT, TZBWBAMT, hd_date, hdbx_amt, sbcd_amt, oadocid, oaurl,
	   taxrate, taxamount, notaxamount, userid, username, modifytime)
	(
	<foreach collection="fees" item="item" index="index" separator="union all">
		<![CDATA[
        select #{item.id, jdbcType=VARCHAR},
        	   #{header.docId, jdbcType=VARCHAR},
        	   #{header.docNo, jdbcType=VARCHAR},
        	   #{item.rn, jdbcType=NUMERIC},
        	   #{item.feeType, jdbcType=VARCHAR},
        	   #{item.bigFeeType, jdbcType=VARCHAR}, 
        	   #{item.smaFeeType, jdbcType=VARCHAR},
        	   to_date(#{item.feeFromDate, jdbcType=VARCHAR}, 'yyyy-mm-dd'), 
        	   #{item.currency, jdbcType=VARCHAR},
        	   #{item.localAmount, jdbcType=NUMERIC},
        	   1,
        	   #{item.localAmount, jdbcType=NUMERIC},
        	   0,
        	   #{item.localAmount, jdbcType=NUMERIC},
        	   to_date(#{item.approvedDate, jdbcType=VARCHAR}, 'yyyy-mm-dd'),
        	   #{item.localAmount, jdbcType=NUMERIC},
        	   #{item.socialOffsetAmount, jdbcType=NUMERIC},
        	   #{item.oaId, jdbcType=VARCHAR},
        	   #{item.oaUrl, jdbcType=VARCHAR},
        	   0, 0, 
        	   #{item.localAmount, jdbcType=NUMERIC},
        	   #{item.userId, jdbcType=VARCHAR},
        	   #{item.userName, jdbcType=VARCHAR},
        	   sysdate from dual
        ]]>
	</foreach>
	)
	</insert>
	
	<!-- 新增车辆补贴报销费用信息到ofee表中 -->
	<insert id="insertCarAllowanceOfeeDetails">
	insert into hikepadm.z_wem_bus_travel_ofees_detail
	  (id, processid, travelexpno, seqno, feetype,
	   bigfeetype, subfeetype, feedate, 
	   currtype, amt, ctajamt, stamt, CTAJAFAMT, TZBWBAMT, reserv3, reserv2,
	   taxrate, taxamount, notaxamount, userid,
	   sbsxflag, expensedsnjt, modifytime)
	(
	<foreach collection="fees" item="item" index="index" separator="union all">
		<![CDATA[
        select #{item.id, jdbcType=VARCHAR},
        	   #{header.docId, jdbcType=VARCHAR},
        	   #{header.docNo, jdbcType=VARCHAR},
        	   #{item.rn, jdbcType=NUMERIC},
        	   #{item.feeType, jdbcType=VARCHAR},
        	   #{item.bigFeeType, jdbcType=VARCHAR}, 
        	   #{item.smaFeeType, jdbcType=VARCHAR},
        	   to_date(#{item.feeFromDate, jdbcType=VARCHAR}, 'yyyy-mm-dd'), 
        	   #{item.currency, jdbcType=VARCHAR},
        	   #{item.localAmount, jdbcType=NUMERIC},
        	   1,
        	   #{item.localAmount, jdbcType=NUMERIC},
        	   0,
        	   #{item.localAmount, jdbcType=NUMERIC},
        	   #{item.year, jdbcType=VARCHAR},
        	   #{item.month, jdbcType=VARCHAR},
        	   0, 0, 
        	   #{item.localAmount, jdbcType=NUMERIC},
        	   #{item.userId, jdbcType=VARCHAR},
        	   #{item.sbsxFlag, jdbcType=VARCHAR},
        	   #{item.expensedCityTrafficAmount, jdbcType=NUMERIC},
        	   sysdate from dual
        ]]>
	</foreach>
	)
	</insert>
	
	<!-- 新增市内交通费用信息导ofee表中 -->
	<insert id="insertCityTrafficOfeeDetails">
	insert into hikepadm.z_wem_bus_travel_ofees_detail
	  (id, processid, travelexpno, seqno, feetype,
	   bigfeetype, subfeetype, feedate, tool, currtype, amt, ctajamt, stamt, CTAJAFAMT, TZBWBAMT, REMARK, ISCB, ISCQ,
	   salesarea, SALESAREA_DESC, wbs, wbs_desc, industry, INDUSTRY_DESC, traproj, traproj_desc,
	   shangji_no, shangji_desc, kehu_no, kehu_desc, yonghu_no, yonghu_desc,
	   taxrate, taxamount, notaxamount, modifytime)
	(
	<foreach collection="fees" item="item" index="index" separator="union all">
		<![CDATA[
        select #{item.id, jdbcType=VARCHAR},
        	   #{header.docId, jdbcType=VARCHAR},
        	   #{header.docNo, jdbcType=VARCHAR},
        	   #{item.rn, jdbcType=NUMERIC},
        	   #{item.feeType, jdbcType=VARCHAR},
        	   #{item.bigFeeType, jdbcType=VARCHAR}, 
        	   #{item.smaFeeType, jdbcType=VARCHAR},
        	   to_date(#{item.feeFromDate, jdbcType=VARCHAR}, 'yyyy-mm-dd'), 
        	   #{item.trafficTool, jdbcType=VARCHAR},
        	   #{item.currency, jdbcType=VARCHAR},
        	   #{item.amount, jdbcType=NUMERIC},
        	   #{item.exchangeRate, jdbcType=NUMERIC},
        	   #{item.localAmount, jdbcType=NUMERIC},
        	   0,
        	   #{item.localAmount, jdbcType=NUMERIC},
        	   #{item.remark, jdbcType=VARCHAR},
        	   #{item.overStandardFlag, jdbcType=VARCHAR},
        	   #{item.overDateFlag, jdbcType=VARCHAR},
        	   #{item.salesArea, jdbcType=VARCHAR},
        	   #{item.salesAreaDesc, jdbcType=VARCHAR},
        	   #{item.wbs, jdbcType=VARCHAR},
        	   #{item.wbsDesc, jdbcType=VARCHAR},
        	   #{item.industry, jdbcType=VARCHAR},
        	   #{item.industryDesc, jdbcType=VARCHAR},
        	   #{item.trafficProject, jdbcType=VARCHAR},
        	   #{item.trafficProjectDesc, jdbcType=VARCHAR},
        	   #{item.businessOpportunity, jdbcType=VARCHAR},
        	   #{item.businessOpportunityDesc, jdbcType=VARCHAR},
        	   #{item.customer, jdbcType=VARCHAR},
        	   #{item.customerDesc, jdbcType=VARCHAR},
        	   #{item.users, jdbcType=VARCHAR},
        	   #{item.usersDesc, jdbcType=VARCHAR},
        	   0, 0,
        	   #{item.localAmount, jdbcType=NUMERIC},
        	   sysdate from dual
        ]]>
	</foreach>
	)
	</insert>
	
	<!-- 新增业务招待费用信息到ofee表中 -->
	<insert id="insertServeOfeeDetails">
	insert into hikepadm.z_wem_bus_travel_ofees_detail
	  (id, processid, travelexpno, seqno, feetype,
	   bigfeetype, subfeetype, feedate, currtype, 
	   amt, ctajamt, stamt, CTAJAFAMT, TZBWBAMT, exceedamt, exceedrem,
	   entertaintp, entertaillevel, percount, daycount, REMARK,
	   salesarea, SALESAREA_DESC, wbs, wbs_desc, industry, INDUSTRY_DESC, traproj, traproj_desc,
	   CHECKSJ, shangji_no, shangji_desc, YHKHTYYE, YHKHTYYE_DESC, kehu_no, kehu_desc, yonghu_no, yonghu_desc,
	   taxrate, taxamount, notaxamount, iscq, iscb, modifytime)
	(
	<foreach collection="fees" item="item" index="index" separator="union all">
		<![CDATA[
        select #{item.id, jdbcType=VARCHAR},
        	   #{header.docId, jdbcType=VARCHAR},
        	   #{header.docNo, jdbcType=VARCHAR},
        	   #{item.rn, jdbcType=NUMERIC},
        	   #{item.feeType, jdbcType=VARCHAR},
        	   #{item.bigFeeType, jdbcType=VARCHAR}, 
        	   #{item.smaFeeType, jdbcType=VARCHAR},
        	   to_date(#{item.feeFromDate, jdbcType=VARCHAR}, 'yyyy-mm-dd'), 
        	   #{item.currency, jdbcType=VARCHAR},
        	   #{item.amount, jdbcType=NUMERIC},
        	   #{item.exchangeRate, jdbcType=NUMERIC},
        	   #{item.localAmount, jdbcType=NUMERIC},
        	   0,
        	   #{item.localAmount, jdbcType=NUMERIC},
        	   #{item.excessAmount, jdbcType=NUMERIC},
        	   #{item.excessRemark, jdbcType=VARCHAR},
        	   #{item.entertain, jdbcType=VARCHAR},
        	   #{item.entertainLevel, jdbcType=VARCHAR},
        	   #{item.perCounts, jdbcType=NUMERIC},
        	   #{item.dayCounts, jdbcType=NUMERIC},
        	   #{item.remark, jdbcType=VARCHAR},
        	   #{item.salesArea, jdbcType=VARCHAR},
        	   #{item.salesAreaDesc, jdbcType=VARCHAR},
        	   #{item.wbs, jdbcType=VARCHAR},
        	   #{item.wbsDesc, jdbcType=VARCHAR},
        	   #{item.industry, jdbcType=VARCHAR},
        	   #{item.industryDesc, jdbcType=VARCHAR},
        	   #{item.trafficProject, jdbcType=VARCHAR},
        	   #{item.trafficProjectDesc, jdbcType=VARCHAR},
        	   #{item.hasBusinessOpportunity, jdbcType=VARCHAR},
        	   #{item.businessOpportunity, jdbcType=VARCHAR},
        	   #{item.businessOpportunityDesc, jdbcType=VARCHAR},
        	   #{item.entertainRange, jdbcType=VARCHAR},
        	   #{item.entertainRangeDesc, jdbcType=VARCHAR},
        	   #{item.customer, jdbcType=VARCHAR},
        	   #{item.customerDesc, jdbcType=VARCHAR},
        	   #{item.users, jdbcType=VARCHAR},
        	   #{item.usersDesc, jdbcType=VARCHAR},
        	   0, 0, 
        	   #{item.localAmount, jdbcType=NUMERIC},
        	   #{item.overDateFlag, jdbcType=VARCHAR},
        	   #{item.overStandardFlag, jdbcType=VARCHAR},
        	   sysdate from dual
        ]]>
	</foreach>
	)
	</insert>
	
	<!-- 新增房屋租赁费用信息到ofee表中 -->
	<insert id="insertRentOfeeDetails">
	insert into hikepadm.z_wem_bus_travel_ofees_detail
	  (id, processid, travelexpno, seqno, feetype,
	   bigfeetype, subfeetype, feedate, reserv1, PERCOUNT,
	   currtype, amt, ctajamt, stamt, CTAJAFAMT, TZBWBAMT, REMARK, salesarea, SALESAREA_DESC,
	   wbs, wbs_desc, industry, INDUSTRY_DESC, traproj, traproj_desc,
	   shangji_no, shangji_desc, kehu_no, kehu_desc, yonghu_no, yonghu_desc,
	   taxrate, taxamount, notaxamount, modifytime)
	(
	<foreach collection="fees" item="item" index="index" separator="union all">
		<![CDATA[
        select #{item.id, jdbcType=VARCHAR},
        	   #{header.docId, jdbcType=VARCHAR},
        	   #{header.docNo, jdbcType=VARCHAR},
        	   #{item.rn, jdbcType=NUMERIC},
        	   #{item.feeType, jdbcType=VARCHAR},
        	   #{item.bigFeeType, jdbcType=VARCHAR}, 
        	   #{item.smaFeeType, jdbcType=VARCHAR},
        	   to_date(#{item.feeFromDate, jdbcType=VARCHAR}, 'yyyy-mm-dd'), 
        	   #{item.feeToDate, jdbcType=VARCHAR},
        	   #{item.perCounts, jdbcType=NUMERIC},
        	   #{item.currency, jdbcType=VARCHAR},
        	   #{item.amount, jdbcType=NUMERIC},
        	   #{item.exchangeRate, jdbcType=NUMERIC},
        	   #{item.localAmount, jdbcType=NUMERIC},
        	   0,
        	   #{item.localAmount, jdbcType=NUMERIC},
        	   #{item.remark, jdbcType=VARCHAR},
        	   #{item.salesArea, jdbcType=VARCHAR},
        	   #{item.salesAreaDesc, jdbcType=VARCHAR},
        	   #{item.wbs, jdbcType=VARCHAR},
        	   #{item.wbsDesc, jdbcType=VARCHAR},
        	   #{item.industry, jdbcType=VARCHAR},
        	   #{item.industryDesc, jdbcType=VARCHAR},
        	   #{item.trafficProject, jdbcType=VARCHAR},
        	   #{item.trafficProjectDesc, jdbcType=VARCHAR},
        	   #{item.businessOpportunity, jdbcType=VARCHAR},
        	   #{item.businessOpportunityDesc, jdbcType=VARCHAR},
        	   #{item.customer, jdbcType=VARCHAR},
        	   #{item.customerDesc, jdbcType=VARCHAR},
        	   #{item.users, jdbcType=VARCHAR},
        	   #{item.usersDesc, jdbcType=VARCHAR},
        	   #{item.taxRate, jdbcType=NUMERIC},
        	   #{item.taxAmount, jdbcType=NUMERIC},
        	   #{item.noTaxAmount, jdbcType=NUMERIC},
        	   sysdate from dual
        ]]>
	</foreach>
	)
	</insert>
	
	<!-- 新增其他费用信息到ofee表中 -->
	<insert id="insertOtherOfeeDetails">
	insert into hikepadm.z_wem_bus_travel_ofees_detail
	  (id, processid, travelexpno, seqno, feetype,
	   bigfeetype, subfeetype, feedate, 
	   currtype, amt, ctajamt, stamt, CTAJAFAMT, TZBWBAMT, REMARK,
	   salesarea, SALESAREA_DESC, wbs, wbs_desc, industry, INDUSTRY_DESC, traproj, traproj_desc,
	   shangji_no, shangji_desc, kehu_no, kehu_desc, yonghu_no, yonghu_desc,
	   taxrate, taxamount, notaxamount, iscq, iscb, modifytime)
	(
	<foreach collection="fees" item="item" index="index" separator="union all">
		<![CDATA[
        select #{item.id, jdbcType=VARCHAR},
        	   #{header.docId, jdbcType=VARCHAR},
        	   #{header.docNo, jdbcType=VARCHAR},
        	   #{item.rn, jdbcType=NUMERIC},
        	   #{item.feeType, jdbcType=VARCHAR},
        	   #{item.bigFeeType, jdbcType=VARCHAR}, 
        	   #{item.smaFeeType, jdbcType=VARCHAR},
        	   to_date(#{item.feeFromDate, jdbcType=VARCHAR}, 'yyyy-mm-dd'), 
        	   #{item.currency, jdbcType=VARCHAR},
        	   #{item.amount, jdbcType=NUMERIC},
        	   #{item.exchangeRate, jdbcType=NUMERIC},
        	   #{item.localAmount, jdbcType=NUMERIC},
        	   0,
        	   #{item.localAmount, jdbcType=NUMERIC},
        	   #{item.remark, jdbcType=VARCHAR},
        	   #{item.salesArea, jdbcType=VARCHAR},
        	   #{item.salesAreaDesc, jdbcType=VARCHAR},
        	   #{item.wbs, jdbcType=VARCHAR},
        	   #{item.wbsDesc, jdbcType=VARCHAR},
        	   #{item.industry, jdbcType=VARCHAR},
        	   #{item.industryDesc, jdbcType=VARCHAR},
        	   #{item.trafficProject, jdbcType=VARCHAR},
        	   #{item.trafficProjectDesc, jdbcType=VARCHAR},
        	   #{item.businessOpportunity, jdbcType=VARCHAR},
        	   #{item.businessOpportunityDesc, jdbcType=VARCHAR},
        	   #{item.customer, jdbcType=VARCHAR},
        	   #{item.customerDesc, jdbcType=VARCHAR},
        	   #{item.users, jdbcType=VARCHAR},
        	   #{item.usersDesc, jdbcType=VARCHAR},
        	   #{item.taxRate, jdbcType=NUMERIC},
        	   #{item.taxAmount, jdbcType=NUMERIC},
        	   #{item.noTaxAmount, jdbcType=NUMERIC},
        	   #{item.overDateFlag, jdbcType=VARCHAR},
        	   #{item.overStandardFlag, jdbcType=VARCHAR},
        	   sysdate from dual
        ]]>
	</foreach>
	)
	</insert>

    <insert id="insertInsideCityDriverFees">
    insert into hikepadm.z_wem_bus_travel_stays_detail
    (id, processid, travelexpno, seqno, feetype, startdate, starttime, enddate, endtime, CURRENCY, AMOUNT,
    EXCHANGE_RATE, LOCAL_AMOUNT, ADJUSTED_AMOUNT, PAYMENT_AMOUNT, taxrate, taxamount, notaxamount, wbs, wbs_desc, modifytime)
    (
    <foreach collection="fees" item="item" index="index" separator="union all">
    <![CDATA[
    select #{item.id, jdbcType=VARCHAR},
           #{header.docId, jdbcType=VARCHAR},
           #{header.docNo, jdbcType=VARCHAR},
           #{item.rn, jdbcType=NUMERIC},
           'SNPC',
           to_date(#{item.feeFromDate, jdbcType=VARCHAR}, 'yyyy-mm-dd'),
           #{item.fromTime, jdbcType=VARCHAR},
           to_date(#{item.feeToDate, jdbcType=VARCHAR}, 'yyyy-mm-dd'),
           #{item.toTime, jdbcType=VARCHAR},
           'CNY',
           #{item.localAmount, jdbcType=NUMERIC},
           1,
           #{item.localAmount, jdbcType=NUMERIC},
           0,
           #{item.localAmount, jdbcType=NUMERIC},
           0, 0,
           #{item.localAmount, jdbcType=NUMERIC},
           #{item.wbs, jdbcType=VARCHAR},
           #{item.wbsDesc, jdbcType=VARCHAR},
           sysdate from dual
    ]]>
    </foreach>
    )
    </insert>

	<!-- 批量新增长途交通费用信息到stays表中 -->
	<insert id="insertLongTrafficStaysDetails">
	insert into hikepadm.z_wem_bus_travel_stays_detail
	  (id, processid, travelexpno, seqno, feetype,
	   startdate, starttime, startplcn, startplct,
	   enddate, endtime, endplcn, endplct, vehicle, vehiclelevel, 
	   CURRENCY, AMOUNT, EXCHANGE_RATE, LOCAL_AMOUNT, ADJUSTED_AMOUNT, PAYMENT_AMOUNT, taxrate, taxamount, notaxamount, trexceedrem,
	   salesarea, SALESAREA_DESC, wbs, wbs_desc, industry, INDUSTRY_DESC, traproj, traproj_desc,
	   shangji_no, shangji_desc, kehu_no, kehu_desc, yonghu_no, yonghu_desc, 
	   iscq, iscb, modifytime)
	(
	<foreach collection="fees" item="item" index="index" separator="union all">
		<![CDATA[
        select #{item.id, jdbcType=VARCHAR},
        	   #{header.docId, jdbcType=VARCHAR},
        	   #{header.docNo, jdbcType=VARCHAR},
        	   #{item.rn, jdbcType=NUMERIC},
        	   'CTJT',
        	   to_date(#{item.feeFromDate, jdbcType=VARCHAR}, 'yyyy-mm-dd'), 
        	   #{item.fromTime, jdbcType=VARCHAR},
        	   #{item.countryFrom, jdbcType=VARCHAR}, 
        	   #{item.placeFrom, jdbcType=VARCHAR},
        	   to_date(#{item.feeToDate, jdbcType=VARCHAR}, 'yyyy-mm-dd'), 
        	   #{item.toTime, jdbcType=VARCHAR},
        	   #{item.countryTo, jdbcType=VARCHAR}, 
        	   #{item.placeTo, jdbcType=VARCHAR},
        	   #{item.trafficToolType, jdbcType=VARCHAR}, 
        	   #{item.trafficToolLevel, jdbcType=VARCHAR},
        	   #{item.currency, jdbcType=VARCHAR},
        	   #{item.amount, jdbcType=NUMERIC},
        	   #{item.exchangeRate, jdbcType=NUMERIC},
        	   #{item.localAmount, jdbcType=NUMERIC},
        	   0,
        	   #{item.localAmount, jdbcType=NUMERIC},
        	   0, 0,
        	   #{item.localAmount, jdbcType=NUMERIC},
        	   #{item.excessRemark, jdbcType=VARCHAR},
        	   #{item.salesArea, jdbcType=VARCHAR},
        	   #{item.salesAreaDesc, jdbcType=VARCHAR},
        	   #{item.wbs, jdbcType=VARCHAR},
        	   #{item.wbsDesc, jdbcType=VARCHAR},
        	   #{item.industry, jdbcType=VARCHAR},
        	   #{item.industryDesc, jdbcType=VARCHAR},
        	   #{item.trafficProject, jdbcType=VARCHAR},
        	   #{item.trafficProjectDesc, jdbcType=VARCHAR},
        	   #{item.businessOpportunity, jdbcType=VARCHAR},
        	   #{item.businessOpportunityDesc, jdbcType=VARCHAR},
        	   #{item.customer, jdbcType=VARCHAR},
        	   #{item.customerDesc, jdbcType=VARCHAR},
        	   #{item.users, jdbcType=VARCHAR},
        	   #{item.usersDesc, jdbcType=VARCHAR},
        	   #{item.overDateFlag, jdbcType=VARCHAR},
        	   #{item.overStandardFlag, jdbcType=VARCHAR},
        	   sysdate from dual
        ]]>
	</foreach>
	)
	</insert>
	
	<!-- 批量新增住宿费用信息到stays表中 -->
	<insert id="insertStaysDetails">
	insert into hikepadm.z_wem_bus_travel_stays_detail
	  (id, processid, travelexpno, seqno, feetype, ZSISRANT,
	   startdate, enddate, staycn, stayct, staydays, staypersons,
	   CURRENCY, AMOUNT, EXCHANGE_RATE, LOCAL_AMOUNT, ADJUSTED_AMOUNT, PAYMENT_AMOUNT,
	   taxrate, taxamount, notaxamount, STAYREMARK, stayexceedamt, STAYREM,
	   salesarea, SALESAREA_DESC, wbs, wbs_desc, industry, INDUSTRY_DESC, traproj, traproj_desc,
	   shangji_no, shangji_desc, kehu_no, kehu_desc, yonghu_no, yonghu_desc,
	   iscq, iscb, modifytime)
	
	(
	<foreach collection="fees" item="item" index="index" separator="union all">
        select #{item.id, jdbcType=VARCHAR},
        	   #{header.docId, jdbcType=VARCHAR},
        	   #{header.docNo, jdbcType=VARCHAR},
        	   #{item.rn, jdbcType=NUMERIC},
        	   'STAYS',
               #{item.rentType, jdbcType=VARCHAR},
        	   to_date(#{item.feeFromDate, jdbcType=VARCHAR}, 'yyyy-mm-dd'), 
        	   to_date(#{item.feeToDate, jdbcType=VARCHAR}, 'yyyy-mm-dd'), 
        	   #{item.rentCountry, jdbcType=VARCHAR},
        	   #{item.rentCity, jdbcType=VARCHAR}, 
        	   #{item.rentDays, jdbcType=NUMERIC},
        	   #{item.rentRooms, jdbcType=NUMERIC}, 
        	   #{item.currency, jdbcType=VARCHAR},
        	   #{item.amount, jdbcType=NUMERIC},
        	   #{item.exchangeRate, jdbcType=NUMERIC},
        	   #{item.localAmount, jdbcType=NUMERIC},
        	   0,
        	   #{item.localAmount, jdbcType=NUMERIC},
        	   #{item.taxRate, jdbcType=NUMERIC},
        	   #{item.taxAmount, jdbcType=NUMERIC},
        	   #{item.noTaxAmount, jdbcType=NUMERIC},
        	   #{item.remark, jdbcType=VARCHAR},
        	   #{item.excessAmount, jdbcType=NUMERIC},
        	   #{item.excessRemark, jdbcType=VARCHAR},
        	   #{item.salesArea, jdbcType=VARCHAR},
        	   #{item.salesAreaDesc, jdbcType=VARCHAR},
        	   #{item.wbs, jdbcType=VARCHAR},
        	   #{item.wbsDesc, jdbcType=VARCHAR},
        	   #{item.industry, jdbcType=VARCHAR},
        	   #{item.industryDesc, jdbcType=VARCHAR},
        	   #{item.trafficProject, jdbcType=VARCHAR},
        	   #{item.trafficProjectDesc, jdbcType=VARCHAR},
        	   #{item.businessOpportunity, jdbcType=VARCHAR},
        	   #{item.businessOpportunityDesc, jdbcType=VARCHAR},
        	   #{item.customer, jdbcType=VARCHAR},
        	   #{item.customerDesc, jdbcType=VARCHAR},
        	   #{item.users, jdbcType=VARCHAR},
        	   #{item.usersDesc, jdbcType=VARCHAR},
        	   #{item.overDateFlag, jdbcType=VARCHAR},
        	   #{item.overStandardFlag, jdbcType=VARCHAR},
        	   sysdate from dual
	</foreach>
	)
	</insert>

    <select id="getTravelFees" resultType="com.hikvision.it.expense.api.entity.fee.FeeDetail">
        SELECT
            D.ID                                 id,
            D.PROCESSID                          docId,
            D.TRAVELEXPNO                        docNo,
            D.SEQNO                              rn,
            D.FEETYPE                            feeType,
            D.BIGFEETYPE                         bigFeeType,
            D.FEETYPE                            smaFeeType,
            to_char(D.STARTDATE, 'yyyy-mm-dd')   feeFromDate,
            D.STARTTIME                          fromTime,
            to_char(D.ENDDATE, 'yyyy-mm-dd')     feeToDate,
            D.ENDTIME                            toTime,
            D.STARTPLCN                          countryFrom,
            D.STARTPLCT                          placeFrom,
            D.ENDPLCN                            countryTo,
            D.ENDPLCT                            placeTo,
            CASE ZSISRANT
            WHEN '1'
                THEN 'Y'
            ELSE 'N' END                         rentType,
            D.STAYCN                             rentCountry,
            D.STAYCT                             rentCity,
            D.STAYDAYS                           rentDays,
            D.STAYPERSONS                        rentRooms,
            D.CURRENCY                           currency,
            D.AMOUNT                             amount,
            D.EXCHANGE_RATE                      exchangeRate,
            D.LOCAL_AMOUNT                       localAmount,
            D.ADJUSTED_AMOUNT                    adjustedAmount,
            D.PAYMENT_AMOUNT                     paymentAmount,
            D.STAYEXCEEDAMT                      excessAmount,
            D.STAYREMARK                         remark,
            D.TAXRATE                            taxRate,
            D.TAXAMOUNT                          taxAmount,
            D.NOTAXAMOUNT                        noTaxAmount,
            D.VEHICLE                            trafficToolType,
            D.VEHICLELEVEL                       trafficToolLevel,
            D.SALESAREA                          salesArea,
            D.SALESAREA_DESC                     salesAreaDesc,
            D.WBS                                wbs,
            D.WBS_DESC                           wbsDesc,
            D.INDUSTRY                           industry,
            D.INDUSTRY_DESC                      industryDesc,
            D.TRAPROJ                            trafficProject,
            D.TRAPROJ_DESC                       trafficProjectDesc,
            D.SHANGJI_NO                         businessOpportunity,
            D.SHANGJI_DESC                       businessOpportunityDesc,
            D.KEHU_NO                            customer,
            D.KEHU_DESC                          customerDesc,
            D.YONGHU_NO                          users,
            D.YONGHU_DESC                        usersDesc,
            D.RANTDAYS                           rentDays,
            D.STAYPERSONS                        rentRooms,
            D.STAYEXCEEDAMT                      excessAmount,
            D.ISCQ                               overDateFlag,
            D.ISCB                               overStandardFlag,
            cf.CITYDESC || '-' || cf.COUNTRYDESC placeFromDesc,
            ct.CITYDESC || '-' || ct.COUNTRYDESC placeToDesc,
            cc.CITYDESC || '-' || cc.COUNTRYDESC rentCityDesc,
            tt.UPTOOLDESC || '-' || tt.TOOLDESC  trafficToolLevelDesc,
            V2.DATACODE || '-' || V2.SHORTTEXT   currencyDesc
        FROM HIKEPADM.Z_WEM_BUS_TRAVEL_STAYS_DETAIL D
            LEFT JOIN hikepadm.z_wem_basic_city_country cf
                ON cf.cityid = D.STARTPLCT
                   AND cf.language = #{language,jdbcType=VARCHAR}
            LEFT JOIN hikepadm.z_wem_basic_city_country ct
                ON ct.cityid = D.ENDPLCT
                   AND ct.language = #{language,jdbcType=VARCHAR}
            LEFT JOIN hikepadm.z_wem_basic_city_country cc
                ON cc.cityid = D.STAYCT
                   AND cc.language = #{language,jdbcType=VARCHAR}
            LEFT JOIN hikepadm.t_mdm_traffic_tool tt
                ON tt.tooltype = 'LONGTRIP'
                   AND D.vehiclelevel = tt.toolcode
                   AND tt.language = #{language,jdbcType=VARCHAR}
            LEFT JOIN HIKEPADM.Z_WEM_DATA_DIRECTORY_VIEW V2
                ON V2.DATATYPE = 'D103' AND V2.LANGUAGE = #{language} AND D.CURRENCY = V2.DATACODE
        WHERE PROCESSID = #{docId, jdbcType=VARCHAR}
        ORDER BY D.SEQNO
    </select>

    <select id="getFeeDetails" resultType="com.hikvision.it.expense.api.entity.fee.FeeDetail">
        SELECT
            D.ID                               id,
            D.PROCESSID                        docId,
            D.TRAVELEXPNO                      docNo,
            D.SEQNO                            rn,
            D.FEETYPE                          feeType,
            D.BIGFEETYPE                       bigFeeType,
            D.SUBFEETYPE                       smaFeeType,
            to_char(D.FEEDATE, 'yyyy-mm-dd')   feeFromDate,
            D.RESERV1                          feeToDate,
            D.CURRTYPE                         currency,
            D.AMT                              amount,
            D.CTAJAMT                          exchangeRate,
            D.STAMT                            localAmount,
            D.CTAJAFAMT                        adjustedAmount,
            D.TZBWBAMT                         paymentAmount,
            D.REMARK                           remark,
            D.TAXRATE                          taxRate,
            D.TAXAMOUNT                        taxAmount,
            D.NOTAXAMOUNT                      noTaxAmount,
            to_char(D.HD_DATE, 'yyyy-mm-dd')   approvedDate,
            D.SBCD_AMT                         socialOffsetAmount,
            D.OADOCID                          oaId,
            D.OAURL                            oaUrl,
            D.USERID                           userId,
            D.USERNAME                         userName,
            D.RESERV3                          year,
            D.RESERV2                          month,
            D.SBSXFLAG                         sbsxFlag,
            D.EXPENSEDSNJT                     expensedCityTrafficAmount,
            D.TOOL                             trafficTool,
            D.SALESAREA                        salesArea,
            D.SALESAREA_DESC                   salesAreaDesc,
            D.WBS                              wbs,
            D.WBS_DESC                         wbsDesc,
            D.INDUSTRY                         industry,
            D.INDUSTRY_DESC                    industryDesc,
            D.TRAPROJ                          trafficProject,
            D.TRAPROJ_DESC                     trafficProjectDesc,
            D.CHECKSJ                          hasBusinessOpportunity,
            D.SHANGJI_NO                       businessOpportunity,
            D.SHANGJI_DESC                     businessOpportunityDesc,
            D.YHKHTYYE                         entertainRange,
            D.YHKHTYYE_DESC                    entertainRangeDesc,
            D.KEHU_NO                          customer,
            D.KEHU_DESC                        customerDesc,
            D.YONGHU_NO                        users,
            D.YONGHU_DESC                      usersDesc,
            D.EXCEEDAMT                        excessAmount,
            D.EXCEEDREM                        excessRemark,
            D.ENTERTAINTP                      entertain,
            D.ENTERTAILLEVEL                   entertainLevel,
            D.PERCOUNT                         perCounts,
            D.DAYCOUNT                         dayCounts,
            D.ISCQ                             overDateFlag,
            D.ISCB                             overStandardFlag,
            V1.SHORTTEXT                       trafficToolDesc,
            V2.DATACODE || '-' || V2.SHORTTEXT currencyDesc,
            V3.SHORTTEXT                       entertainDesc,
            V4.SHORTTEXT                       entertainLevelDesc,
            V5.SHORTTEXT                       smaFeeTypeName
        FROM HIKEPADM.Z_WEM_BUS_TRAVEL_OFEES_DETAIL D
            LEFT JOIN HIKEPADM.Z_WEM_DATA_DIRECTORY_VIEW V1
                ON V1.DATATYPE = 'D119' AND V1.LANGUAGE = #{language} AND D.TOOL = V1.DATACODE
            LEFT JOIN HIKEPADM.Z_WEM_DATA_DIRECTORY_VIEW V2
                ON V2.DATATYPE = 'D103' AND V2.LANGUAGE = #{language} AND D.CURRTYPE = V2.DATACODE
            LEFT JOIN HIKEPADM.Z_WEM_DATA_DIRECTORY_VIEW V3
                ON V3.DATATYPE = 'D311' AND V3.LANGUAGE = #{language} AND D.ENTERTAINTP = V3.DATACODE
            LEFT JOIN HIKEPADM.Z_WEM_DATA_DIRECTORY_VIEW V4
                ON V4.DATATYPE = 'D115' AND V4.LANGUAGE = #{language} AND D.ENTERTAILLEVEL = V4.DATACODE
            LEFT JOIN HIKEPADM.Z_WEM_DATA_DIRECTORY_VIEW V5
                ON V5.DATATYPE = 'D206' AND V5.LANGUAGE = #{language} AND D.SUBFEETYPE = V5.DATACODE
        WHERE PROCESSID = #{docId, jdbcType=VARCHAR}
              AND FLAG = 'D'
        ORDER BY D.SEQNO
    </select>

    <select id="getDeductionInfos" resultType="com.hikvision.it.expense.api.entity.fee.DeductionInfo">
        with tmp as
        (select t.user_empid as userid,
                t.subsidydate as subsidydate,
                sum(nvl(t.currency_amount, 0)) amount,
             t.currency
         from hikepadm.z_wem_bus_travel_subsidy t
         where t.user_empid = #{userId}
               and t.flag = 'D'
               and t.amount > 0
               and t.allowancetype = '008'
               and t.subsidydate > to_date('2015-12-31', 'yyyy-mm-dd')
               and exists (select 1
                           from hikepadm.z_wem_bus_flow f
                           where f.processid = t.processid
                                 and f.docstatus in ('S002', 'S003', 'S004'))
         group by t.user_empid, t.subsidydate, t.currency)
        select a.userid userId,
               to_char(a.subsidydate, 'yyyy-mm-dd') subsidyDate,
            a.CURRENCY,
            a.amount,
               (select count(1)
                from hikepadm.z_wem_bus_travel_ofees_detail d
                where d.flag = 'D'
                      and d.feedate = a.subsidydate
                      and d.subfeetype in ('C10301', '66060312')
                      and exists
                      (select 1
                       from hikepadm.z_wem_bus_flow df
                       where df.processid = d.processid
                             and df.processcode in ('WEM008', 'WEM006', 'WEM010')
                             and df.docstatus in ('S002', 'S003', 'S004')
                             and df.claimuser = #{userId})) count,
               sum(nvl(dk.adjust, 0) * -1) subamount
        from tmp a
            left join hikepadm.z_wem_bus_flow_kk_detail dk
                on dk.applydate = a.subsidydate
                   and dk.user_empid = #{userId}
                   and dk.PROCESSID &lt;&gt; #{docId, jdbcType=VARCHAR}
        where exists (select 1
                      from hikepadm.z_wem_bus_travel_ofees_detail od
                      where od.flag = 'D'
                            and od.feedate = a.subsidydate
                            and od.subfeetype in ('C10301', '66060312')
                            and exists
                            (select 1
                             from hikepadm.z_wem_bus_flow f
                             where f.processid = od.processid
                                   and f.processcode in ('WEM008', 'WEM006', 'WEM010')
                                   and f.docstatus in ('S002', 'S003', 'S004')
                                   and f.claimuser = #{userId}))
        group by a.userid, a.subsidydate, a.amount, a.currency
    </select>

    <update id="saveDeductionInfos">
        INSERT INTO HIKEPADM.Z_WEM_BUS_FLOW_KK_DETAIL (
        DID, APPLYDATE, PROCESSID, APPLYID, RATE, TYPE, DAYCOUNT, ADJUST, ADJUST_CNY,
        HSBT, REMARK, USER_EMPID, KK_CW_SHORT)
        (
        <foreach collection="items" item="item" index="index" separator="union all">
            SELECT sys_guid(),
            to_date(#{item.subsidyDate, jdbcType=VARCHAR}, 'yyyy-mm-dd'),
            #{item.docId, jdbcType=VARCHAR},
            #{item.docNo, jdbcType=VARCHAR},
            #{item.exchangeRate, jdbcType=NUMERIC},
            #{item.type, jdbcType=VARCHAR},
            #{item.count, jdbcType=INTEGER},
            #{item.adjustAmount, jdbcType=NUMERIC},
            #{item.adjustLocalAmount, jdbcType=NUMERIC},
            #{item.amount, jdbcType=NUMERIC},
            #{item.remark, jdbcType=VARCHAR},
            #{item.userId, jdbcType=VARCHAR},
            #{item.operator, jdbcType=VARCHAR}
            FROM dual
        </foreach>
        )
    </update>

</mapper>