<?xml version="1.0" encoding="UTF-8" ?>
<!DOCTYPE mapper
        PUBLIC "-//mybatis.org//DTD Mapper 3.0//EN"
        "http://mybatis.org/dtd/mybatis-3-mapper.dtd">
<mapper namespace="com.hikvision.it.expense.rpc.dao.form.IFormDao">
    <!-- 获取当前单据编号 -->
    <select id="countFormNumber" resultType="java.lang.Integer">
		<![CDATA[
        SELECT count(1)
        FROM hikepadm.z_wem_bus_flow f
        WHERE f.processid = #{docId, jdbcType=VARCHAR}
        ]]>
	</select>

    <!-- 将当前单据编码+1 -->
    <update id="increaseCurrentDocNumber">
		<![CDATA[
        UPDATE hikepadm.t_cfg_doc_number t
        SET t.cur_no = (#{curNumber.curNo, jdbcType=INTEGER} + 1)
        WHERE t.year = #{curNumber.year, jdbcType=INTEGER}
              AND t.is_temp = #{curNumber.isTemp, jdbcType=VARCHAR}
              AND t.cur_no = #{curNumber.curNo, jdbcType=INTEGER}
              AND t.doctype = #{curNumber.docType, jdbcType=VARCHAR}
        ]]>
	</update>

    <insert id="insertFormHeader">
	<![CDATA[
        INSERT INTO hikepadm.z_wem_bus_flow
        (processid,
         applyid,
         companycode,
         category,
         processcode,
         claimuser,
         deptcode,
         docstatus,
         amtclaim,
         amtnet,
         SUBSIDY_AMOUNT,
         creator,
         applyproc,
         preapplyid,
         currency,
         lastupdatetime,
         createdate,
         lang,
         docstatusname,
         notesid,
         creatorname,
         uptime,
         synchflag,
         startflag,
         fromdate,
         todate,
         MILEAGE)
        VALUES
            (#{formHeader.docId, jdbcType=VARCHAR},
                #{formHeader.docNo, jdbcType=VARCHAR},
                #{formHeader.bukrs, jdbcType=VARCHAR},
                #{formHeader.expenseType, jdbcType=VARCHAR},
                #{formHeader.docType, jdbcType=VARCHAR},
                #{formHeader.expensor, jdbcType=VARCHAR},
                #{formHeader.deptCode, jdbcType=VARCHAR},
                #{formHeader.docStatus, jdbcType=VARCHAR},
                #{formHeader.amount, jdbcType=NUMERIC},
                #{formHeader.payAmount, jdbcType=NUMERIC},
                #{formHeader.subsidyAmount, jdbcType=NUMERIC},
                #{formHeader.createdBy, jdbcType=VARCHAR},
                #{formHeader.refDocId, jdbcType=VARCHAR},
                #{formHeader.refDocNo, jdbcType=VARCHAR},
                #{formHeader.currency, jdbcType=VARCHAR},
                sysdate,
                sysdate,
                #{formHeader.language, jdbcType=VARCHAR},
                (SELECT docstatusname
                 FROM hikepadm.t_mdm_doc_status v
                 WHERE v.docstatus = #{formHeader.docStatus, jdbcType=VARCHAR} AND
                       v.language = #{formHeader.language, jdbcType=VARCHAR}),
                (SELECT user_shortname
                 FROM hikepadm.z_wem_basic_person_info p
                 WHERE p.user_empid = #{formHeader.expensor, jdbcType=VARCHAR}),
                #{formHeader.createdByName, jdbcType=VARCHAR},
                #{formHeader.upTime, jdbcType=NUMERIC}, 'Y', 'Y',
             to_date(#{formHeader.tripFromDate, jdbcType=VARCHAR}, 'yyyy-mm-dd'),
             to_date(#{formHeader.tripToDate, jdbcType=VARCHAR}, 'yyyy-mm-dd'),
             #{formHeader.kilometre, jdbcType=NUMERIC}
            )
        ]]>
	</insert>

    <!-- 新增单据事由信息 -->
    <insert id="insertFormTxt">
	<![CDATA[
        INSERT INTO hikepadm.z_wem_bus_flow_txt (processid, exp_remark, modifytime)
        VALUES (#{formHeader.docId, jdbcType=VARCHAR},
                #{formHeader.remark, jdbcType=VARCHAR},
                sysdate)
        ]]>
	</insert>

    <insert id="insertFormFlag">
        INSERT INTO HIKEPADM.Z_WEM_BUS_FLOW_FLAG (ID, PROCESSID, ISCB, ISCQ, HGJ, ISHGJ, ISBHLOAN, ISBHTXR, ISBHZDJP, MODIFYTIME, ISHYBC, ISRANT, PAYTYPE, REPAYMENT, ISDSDF, PGDNO, PGDURL, ISFGSZB)
        VALUES (
            sys_guid(),
            #{formHeader.docId, jdbcType=VARCHAR},
            #{formHeader.cbFlag, jdbcType=VARCHAR},
            #{formHeader.cqFlag, jdbcType=VARCHAR},
            #{formHeader.hgjType, jdbcType=VARCHAR},
            #{formHeader.hgjFlag, jdbcType=VARCHAR},
            #{formHeader.loanFlag, jdbcType=VARCHAR},
            #{formHeader.txrFlag, jdbcType=VARCHAR},
            #{formHeader.zdjpFlag, jdbcType=VARCHAR},
            sysdate,
            #{formHeader.hybcFlag, jdbcType=VARCHAR},
            #{formHeader.rantFlag, jdbcType=VARCHAR},
            #{formHeader.payType, jdbcType=VARCHAR},
            #{formHeader.repayFlag, jdbcType=VARCHAR},
            #{formHeader.dsdfFlag, jdbcType=VARCHAR},
            #{formHeader.pgdNo, jdbcType=VARCHAR},
            #{formHeader.pgdUrl, jdbcType=VARCHAR},
            #{formHeader.fgszbFlag, jdbcType=VARCHAR}
        )
    </insert>

    <insert id="insertOverproof">
        insert into hikepadm.Z_WEM_BUS_FLOW_CQCB
        (id, PROCESSID, COSTTYPE, REMARK)
        (
        <foreach collection="items" item="item" index="index" separator="union all">
            <![CDATA[
		SELECT sys_guid(),
			   #{docId,jdbcType=VARCHAR},
			   #{item.type,jdbcType=VARCHAR},
			   #{item.remark,jdbcType=VARCHAR}
			   from dual
	  	]]>
        </foreach>
        )
    </insert>

    <!-- 更新单据抬头信息 -->
    <update id="updateFormHeader">
		<![CDATA[
        UPDATE hikepadm.z_wem_bus_flow f
        SET f.applyid        = #{formHeader.docNo, jdbcType=VARCHAR},
            f.companycode    = #{formHeader.bukrs, jdbcType=VARCHAR},
            f.CATEGORY       = #{formHeader.expenseType, jdbcType=VARCHAR},
            f.claimuser      = #{formHeader.expensor, jdbcType=VARCHAR},
            f.deptcode       = #{formHeader.deptCode, jdbcType=VARCHAR},
            f.amtclaim       = #{formHeader.amount, jdbcType=NUMERIC},
            f.amtnet         = #{formHeader.payAmount, jdbcType=NUMERIC},
            f.SUBSIDY_AMOUNT = #{formHeader.subsidyAmount, jdbcType=NUMERIC},
            f.currency       = #{formHeader.currency, jdbcType=VARCHAR},
            f.lastupdatetime = sysdate,
            f.claimusername  = #{formHeader.expensorName, jdbcType=VARCHAR},
            f.notesid        = (SELECT user_shortname
                                FROM hikepadm.z_wem_basic_person_info p
                                WHERE p.user_empid = #{formHeader.expensor, jdbcType=VARCHAR}),
            f.uptime         = #{upTime, jdbcType=NUMERIC},
            f.synchflag      = 'Y',
            f.startflag      = 'Y',
            f.fromdate       = to_date(#{formHeader.tripFromDate, jdbcType=VARCHAR}, 'yyyy-mm-dd'),
            f.todate         = to_date(#{formHeader.tripToDate, jdbcType=VARCHAR}, 'yyyy-mm-dd'),
            f.MILEAGE        = #{formHeader.kilometre, jdbcType=NUMERIC}
        WHERE f.processid = #{formHeader.docId, jdbcType=VARCHAR}
              AND f.uptime = #{formHeader.upTime, jdbcType=NUMERIC}
              AND f.docstatus IN ('S001', 'S005')
        ]]>
	</update>

    <!-- 更新单据事由信息 -->
    <update id="updateFormTxt">
	<![CDATA[
        UPDATE hikepadm.z_wem_bus_flow_txt ft
        SET ft.exp_remark = #{formHeader.remark, jdbcType=VARCHAR},
            ft.modifytime = sysdate
        WHERE ft.processid = #{formHeader.docId, jdbcType=VARCHAR}
        ]]>
	</update>

    <update id="updateFormFlag">
        UPDATE HIKEPADM.Z_WEM_BUS_FLOW_FLAG ff
        SET ff.ISCB       = #{formHeader.cbFlag, jdbcType=VARCHAR},
            ff.ISCQ       = #{formHeader.cqFlag, jdbcType=VARCHAR},
            ff.HGJ        = #{formHeader.hgjType, jdbcType=VARCHAR},
            ff.ISHGJ      = #{formHeader.hgjFlag, jdbcType=VARCHAR},
            ff.ISBHLOAN   = #{formHeader.loanFlag, jdbcType=VARCHAR},
            ff.ISBHTXR    = #{formHeader.txrFlag, jdbcType=VARCHAR},
            ff.ISBHZDJP   = #{formHeader.zdjpFlag, jdbcType=VARCHAR},
            ff.MODIFYTIME = sysdate,
            ff.ISHYBC     = #{formHeader.hybcFlag, jdbcType=VARCHAR},
            ff.ISRANT     = #{formHeader.rantFlag, jdbcType=VARCHAR},
            ff.PAYTYPE    = #{formHeader.payType, jdbcType=VARCHAR},
            ff.REPAYMENT  = #{formHeader.repayFlag, jdbcType=VARCHAR},
            ff.ISDSDF     = #{formHeader.dsdfFlag, jdbcType=VARCHAR},
            ff.PGDNO      = #{formHeader.pgdNo, jdbcType=VARCHAR},
            ff.PGDURL     = #{formHeader.pgdUrl, jdbcType=VARCHAR},
            ff.ISFGSZB    = #{formHeader.fgszbFlag, jdbcType=VARCHAR}
        WHERE ff.PROCESSID = #{formHeader.docId, jdbcType=VARCHAR}
    </update>

    <!-- 软删除借款信息 -->
    <update id="softDelLoans">
	<![CDATA[
        UPDATE hikepadm.z_wem_bus_loan_detail t
        SET t.flag = 'X'
        WHERE t.loandocnum = #{docId, jdbcType=VARCHAR}
              AND t.flag = 'D'
        ]]>
	</update>

    <!-- 更新关联单据状态为已报销 -->
    <update id="updateReferenceDocToExpensed">
	<![CDATA[
        UPDATE hikepadm.z_wem_bus_flow f
        SET f.tflag          = 'YBX',
            f.lastupdatetime = sysdate
        WHERE f.processid = #{refDocId, jdbcType=VARCHAR}
              AND f.tflag = 'D'
        ]]>
	</update>

    <!-- 更新关联单据状态为已变更 -->
    <update id="updateReferenceDocToChanged">
	<![CDATA[
        UPDATE hikepadm.z_wem_bus_flow f
        SET f.tflag          = 'YBG',
            f.lastupdatetime = sysdate
        WHERE f.processid = #{refDocId, jdbcType=VARCHAR}
              AND f.tflag = 'D'
        ]]>
	</update>

    <!-- 重置关联单据状态 -->
    <update id="resetReferenceDocToDefault">
	<![CDATA[
        UPDATE hikepadm.z_wem_bus_flow f
        SET f.tflag          = 'D',
            f.lastupdatetime = sysdate
        WHERE f.processid = #{refDocId, jdbcType=VARCHAR}
        ]]>
	</update>

    <!-- 提交单据 -->
    <update id="submitForm">
	<![CDATA[
        UPDATE hikepadm.z_wem_bus_flow f
        SET f.docstatus      = 'S002',
            f.docstatusname  = (SELECT docstatusname
                                FROM hikepadm.t_mdm_doc_status v
                                WHERE v.docstatus = #{formHeader.docStatus, jdbcType=VARCHAR} AND
                                      v.language = #{formHeader.language, jdbcType=VARCHAR}),
            f.subdate        = sysdate,
            f.docyear        = extract(YEAR FROM sysdate),
            f.docmonth       = extract(MONTH FROM sysdate),
            f.lastupdatetime = sysdate
        WHERE f.processid = #{formHeader.docId, jdbcType=VARCHAR}
              AND f.docstatus = 'S001'
              AND f.uptime = #{formHeader.upTime, jdbcType=NUMERIC}
        ]]>
	</update>

    <!-- 驳回提交 -->
    <update id="reSubmitForm">
	<![CDATA[
        UPDATE hikepadm.z_wem_bus_flow f
        SET f.docstatus      = 'S002',
            f.docstatusname  = (SELECT docstatusname
                                FROM hikepadm.t_mdm_doc_status v
                                WHERE v.docstatus = #{formHeader.docStatus, jdbcType=VARCHAR} AND
                                      v.language = #{formHeader.language, jdbcType=VARCHAR}),
            f.lastupdatetime = sysdate
        WHERE f.processid = #{formHeader.docId, jdbcType=VARCHAR}
              AND f.docstatus = 'S005'
              AND f.uptime = #{formHeader.upTime, jdbcType=NUMERIC}
        ]]>
	</update>

    <!-- 新增借款信息 -->
    <insert id="insertLoans">
        insert into hikepadm.z_wem_bus_loan_detail
        (id,
        loandocnum,
        loanlapplyno,
        lineno,
        loandate,
        repaymentdate,
        loanway,
        loanwayname,
        currency,
        EXCHANGERATE,
        loanamt,
        adjustedamt,
        accadjust,
        bz,
        modifytime
        )
        (
        <foreach collection="loans" item="item" index="index" separator="union all">
            <![CDATA[
	        SELECT #{item.id,jdbcType=VARCHAR},
	        	   #{docId,jdbcType=VARCHAR},
	        	   #{docNo,jdbcType=VARCHAR},
	        	   #{item.rn,jdbcType=NUMERIC},
	        	   to_date(#{item.loanDate,jdbcType=VARCHAR}, 'yyyy-mm-dd'),
	        	   to_date(#{item.repaymentDate,jdbcType=VARCHAR}, 'yyyy-mm-dd'),
	        	   #{item.paymentType,jdbcType=VARCHAR},
	        	   #{item.paymentTypeName,jdbcType=VARCHAR},
	        	   #{item.loanCurrency,jdbcType=VARCHAR},
	        	   #{item.exchangeRate,jdbcType=NUMERIC},
	        	   #{item.amount,jdbcType=NUMERIC},
	        	   0,
	        	   #{item.amount,jdbcType=NUMERIC},
	        	   #{item.remark,jdbcType=VARCHAR},
	        	   sysdate from dual
		  ]]>
        </foreach>
        )
    </insert>

    <resultMap type="com.hikvision.it.expense.api.entity.form.FormHeader" id="formHeader"></resultMap>
    <!-- 获取所有默认状态的申请单，用于行程变更或者报销 -->
    <select id="listApplyWithDefaultStatus" resultMap="formHeader">
	<![CDATA[
        SELECT
            t.processid     AS docid,
            t.applyid       AS docno,
            t.claimuser     AS expensor,
            t.claimusername AS expensorname,
            t.amtclaim      as amount,
            t.subdate          submittedon,
            d.deptpath         deptname,
            to_char(t.fromdate, 'yyyy-mm-dd')      as tripfromdate,
            to_char(t.todate, 'yyyy-mm-dd')        as triptodate,
            ft.exp_remark      remark
        FROM hikepadm.z_wem_bus_flow t
            LEFT JOIN hikepadm.z_wem_bus_flow_txt ft
                ON ft.processid = t.processid
            INNER JOIN hikepadm.z_wem_basic_department_info d
                ON d.deptcode = t.deptcode
        WHERE t.tflag = 'D'
              AND t.docstatus = 'S004'
              AND t.processcode IN ('WEM001', 'WEM002')
              AND t.claimuser IN (SELECT #{userId,jdbcType=VARCHAR} AS userid
                                  FROM dual
                                  UNION ALL
                                  SELECT a.authorizee AS userid
                                  FROM hikepadm.z_wem_basic_process_authorize a
                                  WHERE a.authorizeaction = 'SUB'
                                        AND a.authorizer = #{userId,jdbcType=VARCHAR})
        ORDER BY t.subdate desc
        ]]>
	</select>

    <!-- 获取单据抬头 -->
    <select id="getFormHeader" resultType="com.hikvision.it.expense.api.entity.form.FormHeader">
		<![CDATA[
        SELECT
            t.processid                       docid,
            t.applyid                         docNo,
            t.processcode                     doctype,
            t.processname                     doctypename,
            t.category                        expensetype,
            t.docstatus,
            t.docstatusname,
            t.creator                         createdBy,
            t.creatorname                     createdByName,
            t.claimuser                       expensor,
            t.claimusername                   expensorname,
            t.usergrade                       expensorgrade,
            t.companycode                     bukrs,
            (CASE WHEN cn.companyname IS NOT NULL
                THEN cn.companyname
             ELSE c.companyname END)          bukrsname,
            t.deptcode,
            t.deptcodepath,
            (CASE WHEN dn.deptname <> 'EN'
                THEN dn.deptname
             ELSE d.deptpath END)             deptname,
            ft.exp_remark                     remark,
            t.createdate                      createdon,
            t.subdate                         submittedon,
            t.currency,
            t.uptime,
            t.amtclaim                        amount,
            t.amtnet                          payAmount,
            t.SUBSIDY_AMOUNT                  subsidyAmount,
            t.applyproc                       refdocid,
            t.preapplyid                      refDocNo,
            t.MILEAGE                         kilometre,
            to_char(t.fromdate, 'yyyy-mm-dd') tripFromDate,
            to_char(t.todate, 'yyyy-mm-dd')   tripToDate,
            ff.ISCB                           cbFlag,
            ff.ISCQ                           cqFlag,
            ff.HGJ                            hgjType,
            ff.ISHGJ                          hgjFlag,
            ff.ISBHZDJP                       zdjpFlag,
            ff.ISBHLOAN                       loanFlag,
            ff.ISBHTXR                        txrFlag,
            ff.ISHYBC                         hybcFlag,
            ff.ISRANT                         rantFlag,
            ff.PAYTYPE                        payType,
            ff.REPAYMENT                      repayFlag,
            ff.ISDSDF                         dsdfFlag,
            ff.PGDNO                          pgdNo,
            ff.PGDURL                         pgdUrl,
            ff.ISFGSZB                        fgszbFlag,
            v.SHORTTEXT                       expenseTypeName
        FROM hikepadm.z_wem_bus_flow t
            INNER JOIN hikepadm.z_wem_basic_company_info c ON c.companycode = t.companycode
            INNER JOIN hikepadm.z_wem_basic_department_info d ON d.deptcode = t.deptcode
            LEFT JOIN hikepadm.z_wem_basic_dept_national dn ON dn.deptcode = d.deptcode AND dn.lang = t.lang
            LEFT JOIN hikepadm.z_wem_basic_comp_national cn ON cn.companycode = c.companycode AND cn.lang = t.lang
            LEFT JOIN hikepadm.z_wem_bus_flow_txt ft ON ft.processid = t.processid
            LEFT JOIN hikepadm.Z_WEM_BUS_FLOW_FLAG ff ON ff.processid = t.processid
            LEFT JOIN HIKEPADM.Z_WEM_DATA_DIRECTORY_VIEW v on v.DATATYPE = 'D202' AND t.CATEGORY = v.DATACODE AND v.LANGUAGE = t.LANG
        WHERE t.processid = #{docId, jdbcType=VARCHAR}
        ]]>
	</select>

    <!-- 获取单据借款信息 -->
    <resultMap type="com.hikvision.it.expense.api.entity.loan.LoanDetail" id="loan"></resultMap>
    <select id="getLoans" resultMap="loan">
	<![CDATA[
        SELECT
            t.id,
            lineno                                 rn,
            to_char(t.loandate, 'yyyy-mm-dd')      loandate,
            to_char(t.repaymentdate, 'yyyy-mm-dd') repaymentdate,
            loanway                                paymenttype,
            v.shorttext                            paymenttypename,
            currency                               loancurrency,
            currency || ' - ' || v2.shorttext      loanCurrencyDesc,
            EXCHANGERATE                           exchangeRate,
            loanamt                                amount,
            adjustedamt                            adjustedamount,
            accadjust                              paymentamount,
            bz                                     remark
        FROM hikepadm.z_wem_bus_loan_detail t
            INNER JOIN hikepadm.z_wem_data_directory_view v
                ON v.datatype = 'D211'
                   AND v.language = 'ZH'
                   AND v.datacode = t.loanway
            INNER JOIN hikepadm.z_wem_data_directory_view v2
                ON v2.datatype = 'D103'
                   AND v2.language = 'ZH'
                   AND v2.datacode = t.CURRENCY
        WHERE t.loandocnum = #{docId, jdbcType=VARCHAR}
              AND t.flag = 'D'
        ]]>
	</select>

    <!-- 根据权限获取单据数量 -->
    <select id="countDocNumberWithRoleCheck" resultType="java.lang.Integer">
	<![CDATA[
        SELECT count(1)
        FROM hikepadm.z_wem_bus_flow f
        WHERE f.processid = #{docId, jdbcType=VARCHAR}
              AND (exists
                   (SELECT 1
                    FROM hikepadm.mv_auth_user_sch_role t
                    WHERE f.processcode = t.processcode
                          AND f.companycode = t.companycode
                          AND f.deptcodepath LIKE t.deptcodepath
                          AND t.user_empid = #{userId, jdbcType=VARCHAR})
                   OR f.claimuser = #{userId, jdbcType=VARCHAR}
                   OR f.creator = #{userId, jdbcType=VARCHAR}
                   OR exists
                   (SELECT 1
                    FROM z_wem_basic_person_info p
                    WHERE p.user_empid = #{userId, jdbcType=VARCHAR}
                          AND p.superadmin = 'Y'))
        ]]>
	</select>

    <!-- 校验单据提交时是否需要影像 -->
    <select id="checkDocNeedImageWhenSubmit" resultType="java.lang.Integer">
	<![CDATA[
        SELECT count(1)
        FROM hikepadm.z_wem_basic_company_info c
        WHERE c.isimage = 'X'
              AND exists(SELECT 1
                         FROM hikepadm.z_wem_bus_flow f
                         WHERE f.processid = #{docId, jdbcType=VARCHAR}
                               AND c.companycode = f.companycode
                               AND f.subdate >= c.imagedate)
        ]]>
	</select>

    <!-- 判断是否存在自定机票 -->
    <select id="countCustomTicketNumbers" resultType="java.lang.Integer">
	<![CDATA[
        SELECT count(1)
        FROM hikepadm.z_wem_bus_travel_stays_detail t
        WHERE t.processid = #{docId, jdbcType=VARCHAR}
              AND t.flag = 'D'
              AND t.vehiclelevel = '0317'
        ]]>
	</select>

    <!-- 查询员工核高基费用标识 -->
    <select id="findDocHGJFlag" resultType="java.lang.String">
	<![CDATA[
        SELECT f.ishgj
        FROM hikepadm.z_wem_bus_flow_flag f
        WHERE f.processid = #{docId, jdbcType=VARCHAR}
        ]]>
	</select>

    <!-- 根据单据类型、费用类别、公司、部门匹配适用的审批流程 -->
    <resultMap type="com.hikvision.it.expense.api.entity.flow.ProcessConfig" id="processConfig"></resultMap>
    <select id="getProcessConfigByDocType" resultMap="processConfig">
		<![CDATA[
        SELECT
            t.pro_objectid processobjectid,
            t.bukrs,
            t.deptcode,
            t.expensetype
        FROM hikepadm.t_cfg_bpm_mapping t
        WHERE t.doctype = #{docType, jdbcType=VARCHAR}
              AND t.fromdate <= sysdate
              AND t.todate >= sysdate
              AND t.valid = 'Y'
        ]]>
	</select>

    <!-- 获取单据创建人的邮箱地址 -->
    <select id="getDocCreatorsMailAddress" resultType="java.lang.String">
	<![CDATA[
        SELECT p.user_inmail
        FROM z_wem_bus_flow f
            INNER JOIN hikepadm.z_wem_basic_person_info p
                ON p.user_empid = f.claimuser
        WHERE f.processid = #{docId, jdbcType=VARCHAR}
        ]]>
	</select>

    <!-- 将当前员工诚信等级设置到单据中 -->
    <update id="setUserCreditToDoc">
	<![CDATA[
        UPDATE hikepadm.z_wem_bus_flow f
        SET f.CUR_CREDIT      = #{credit, jdbcType=VARCHAR},
            f.CUR_CREDIT_DESC = #{creditDesc, jdbcType=VARCHAR},
            f.lastupdatetime  = sysdate
        WHERE f.processid = #{docId, jdbcType=VARCHAR}
        ]]>
	</update>

    <!-- 外币借款数量 -->
    <select id="countForeignLoanNumbers" resultType="java.lang.Integer">
	<![CDATA[
        SELECT count(1)
        FROM hikepadm.z_wem_bus_loan_detail t
        WHERE t.loandocnum = #{docId, jdbcType=VARCHAR}
              AND t.currency <> 'CNY'
        ]]>
	</select>

    <!-- 更新单据状态 -->
    <update id="updateDocStatus">
	<![CDATA[
        UPDATE hikepadm.z_wem_bus_flow f
        SET f.docstatus      = #{docStatus, jdbcType=VARCHAR},
    ]]>
    <if test="'S006' == docStatus or 'S004' == docStatus or 'S100' == docStatus">
        f.completedate = sysdate,
    </if>
    <![CDATA[
        f.lastupdatetime = sysdate
        WHERE f.processid = #{docId, jdbcType=VARCHAR}
    ]]>
	</update>

    <!-- 获取单据状态 -->
    <select id="getDocStatus" resultType="java.lang.String">
	<![CDATA[
        SELECT f.docstatus
        FROM hikepadm.z_wem_bus_flow f
        WHERE f.processid = #{docId, jdbcType=VARCHAR}
        ]]>
	</select>

    <resultMap type="com.hikvision.it.expense.api.entity.fee.FeeDetail" id="feeDetail"></resultMap>
    <!-- 取市内交通、房屋租赁、业务招待、车辆补贴、市内派车 或者 取差旅报销中的长途交通、市内交通以及业务招待 -->
    <select id="matchFeeDetailSubject" resultMap="feeDetail">
	<![CDATA[
        SELECT
            t.processid           docid,
            t.feetype,
            t.bigfeetype,
            t.subfeetype          smafeetype,
            nvl(t.tzbwbamt, 0)    paymentamount,
            nvl(t.taxAmount, 0)   taxAmount,
            nvl(t.notaxamount, 0) notaxamount,
            translate(nvl(t.wbs, ' ') USING CHAR_CS) wbs,
            s.bigsubjectid AS     subject,
            v.shorttext           subjectname,
            s.taxsubjectid        taxSubject,
            tv.shorttext          taxsubjectname
        FROM hikepadm.z_wem_bus_travel_ofees_detail t
            LEFT JOIN hikepadm.z_wem_basic_cost_subject s
                ON s.companycode = #{bukrs, jdbcType=VARCHAR}
                   AND s.smacostid = t.subfeetype
                   AND s.subtype = #{deptType, jdbcType=VARCHAR}
            LEFT JOIN hikepadm.z_wem_data_directory_view v
                ON v.datatype = 'D208'
                   AND v.language = 'ZH'
                   AND v.datacode = s.bigsubjectid
            LEFT JOIN hikepadm.z_wem_data_directory_view tv
                ON tv.datatype = 'D208'
                   AND tv.language = 'ZH'
                   AND tv.datacode = s.taxsubjectid
        WHERE processid = #{docId, jdbcType=VARCHAR}
          and t.tzbwbamt > 0
        union all
        SELECT t.processid docid,
               t.feetype,
               '660603' bigfeetype,
               (case when t.feetype = 'CTJT' then '66060303' else '66060302' end) smafeetype,
               nvl(t.payment_amount, 0) paymentamount,
               nvl(t.taxamount, 0) taxAmount,
               nvl(t.notaxamount, 0) notaxamount,
               nvl(t.wbs, ' ') wbs,
               s.bigsubjectid AS subject,
               v.shorttext subjectname,
               s.taxsubjectid taxSubject,
               tv.shorttext taxsubjectname
          FROM hikepadm.z_wem_bus_travel_stays_detail t
          LEFT JOIN hikepadm.z_wem_basic_cost_subject s
            ON s.companycode = #{bukrs, jdbcType=VARCHAR}
           AND s.smacostid = (case when t.feetype = 'CTJT' then '66060303' else '66060302' end)
           AND s.subtype = #{deptType, jdbcType=VARCHAR}
          LEFT JOIN hikepadm.z_wem_data_directory_view v
            ON v.datatype = 'D208'
           AND v.language = 'ZH'
           AND v.datacode = s.bigsubjectid
          LEFT JOIN hikepadm.z_wem_data_directory_view tv
            ON tv.datatype = 'D208'
           AND tv.language = 'ZH'
           AND tv.datacode = s.taxsubjectid
         WHERE t.processid = #{docId, jdbcType=VARCHAR}
           and t.FEETYPE <> 'SNPC'
           and t.payment_amount > 0
        ]]>
	</select>

    <!-- 获取新单据补贴明细 -->
    <select id="listStaysFeeDetail" resultMap="feeDetail">
	<![CDATA[
        WITH fee AS
        (SELECT
             sum((nvl(t.FOOD_PAID, 0) + nvl(t.WEEKEND_PAID, 0))) paymentAmount,
             '66060305'                           smafeetype,
             #{bukrs, jdbcType=VARCHAR}           bukrs,
             '00'                                 depttype,
             t.wbs
         FROM hikepadm.t_form_exp_subsidy t
         WHERE t.docid = #{docId, jdbcType=VARCHAR}
         group by t.wbs
         UNION ALL
         SELECT
             sum(nvl(t.HARD_PAID, 0))             paymentAmount,
             '66060306'                 smafeetype,
             #{bukrs, jdbcType=VARCHAR} bukrs,
             '00'                       depttype,
             t.wbs
         FROM hikepadm.t_form_exp_subsidy t
         WHERE t.docid = #{docId, jdbcType=VARCHAR}
         group by t.wbs
         UNION ALL
         SELECT
             sum(nvl(t.RENT_PAID, 0))        paymentAmount,
             '66060311'                 smafeetype,
             #{bukrs, jdbcType=VARCHAR} bukrs,
             '00'                       depttype,
             t.wbs
         FROM hikepadm.t_form_exp_subsidy t
         WHERE t.docid = #{docId, jdbcType=VARCHAR}
         group by t.wbs
         UNION ALL
         SELECT
             sum((nvl(t.AM_PAID, 0) + nvl(t.PM_PAID, 0) + nvl(t.LINE_PAID, 0))) paymentAmount,
             '66060307'                                     smafeetype,
             #{bukrs, jdbcType=VARCHAR}                     bukrs,
             '00'                                           depttype,
             t.wbs
         FROM hikepadm.t_form_exp_subsidy t
         WHERE t.docid = #{docId, jdbcType=VARCHAR}
         group by t.wbs)
        SELECT
            fee.*,
            s.bigsubjectid subject,
            v.shorttext    subjectname
        FROM fee
            LEFT JOIN hikepadm.z_wem_basic_cost_subject s
                ON s.companycode = fee.bukrs
                   AND s.smacostid = fee.smafeetype
                   AND s.subtype = #{deptType, jdbcType=VARCHAR}
            LEFT JOIN hikepadm.z_wem_data_directory_view v
                ON v.datatype = 'D208'
                   AND v.datacode = s.bigsubjectid
                   AND v.language = 'ZH'
        WHERE fee.paymentamount > 0
        ]]>
	</select>

    <select id="countDuplicateFoodSubsidy" resultType="com.hikvision.it.expense.api.entity.fee.FeeDetail">
    <![CDATA[
    select nvl(sum(nvl(t.adjust_cny, 0) * -1), 0) paymentAmount,
           s.bigsubjectid subject,
           v.SHORTTEXT subjectname
      from hikepadm.z_wem_bus_flow_kk_detail t
     inner join hikepadm.z_wem_basic_cost_subject s
        on s.smacostid = '66060305'
       and s.companycode = #{bukrs, jdbcType=VARCHAR}
       and s.subtype = #{deptType, jdbcType=VARCHAR}
      left join hikepadm.z_wem_data_directory_view v
        ON v.datatype = 'D208'
       AND v.datacode = s.bigsubjectid
       AND v.language = 'ZH'
     where processid = #{docId, jdbcType=VARCHAR}
     group by s.bigsubjectid, v.SHORTTEXT
    ]]>
    </select>

    <!-- 获取老单据长途交通、住宿以及补贴明细 -->
    <select id="listOldStaysFeeDetail" resultMap="feeDetail">
	<![CDATA[
        WITH fee AS
        (SELECT
             (nvl(t.Foodassacamt, 0) + nvl(t.wkassacamt, 0)) paymentAmount,
             nvl(t.taxAmount, 0)                             taxAmount,
             nvl(t.notaxamount, 0)                           notaxamount,
             '66060305'                                      smafeetype,
             #{bukrs, jdbcType=VARCHAR}                      bukrs,
             '00'                                            depttype,
             t.wbs
         FROM hikepadm.z_wem_bus_travel_stays_detail t
         WHERE t.processid = #{docId, jdbcType=VARCHAR}
         UNION ALL
         SELECT
             nvl(t.hardassacamt, 0)     paymentAmount,
             nvl(t.taxAmount, 0)        taxAmount,
             nvl(t.notaxamount, 0)      notaxamount,
             '66060306'                 smafeetype,
             #{bukrs, jdbcType=VARCHAR} bukrs,
             '00'                       depttype,
             t.wbs
         FROM hikepadm.z_wem_bus_travel_stays_detail t
         WHERE t.processid = #{docId, jdbcType=VARCHAR}
         UNION ALL
         SELECT
             nvl(t.staystamt, 0)        paymentAmount,
             nvl(t.taxAmount, 0)        taxAmount,
             nvl(t.notaxamount, 0)      notaxamount,
             '66060302'                 smafeetype,
             #{bukrs, jdbcType=VARCHAR} bukrs,
             '00'                       depttype,
             t.wbs
         FROM hikepadm.z_wem_bus_travel_stays_detail t
         WHERE t.processid = #{docId, jdbcType=VARCHAR}
         UNION ALL
         SELECT
             nvl(t.stayassacamt, 0)     paymentAmount,
             nvl(t.taxAmount, 0)        taxAmount,
             nvl(t.notaxamount, 0)      notaxamount,
             '66060311'                 smafeetype,
             #{bukrs, jdbcType=VARCHAR} bukrs,
             '00'                       depttype,
             t.wbs
         FROM hikepadm.z_wem_bus_travel_stays_detail t
         WHERE t.processid = #{docId, jdbcType=VARCHAR}
         UNION ALL
         SELECT
             nvl(t.trstamt, 0)          paymentAmount,
             nvl(t.taxAmount, 0)        taxAmount,
             nvl(t.notaxamount, 0)      notaxamount,
             '66060303'                 smafeetype,
             #{bukrs, jdbcType=VARCHAR} bukrs,
             '00'                       depttype,
             t.wbs
         FROM hikepadm.z_wem_bus_travel_stays_detail t
         WHERE t.processid = #{docId, jdbcType=VARCHAR}
         UNION ALL
         SELECT
             (nvl(t.mnassacamt, 0) + nvl(t.lineassacamt, 0)) paymentAmount,
             nvl(t.taxAmount, 0)                             taxAmount,
             nvl(t.notaxamount, 0)                           notaxamount,
             '66060307'                                      smafeetype,
             #{bukrs, jdbcType=VARCHAR}                      bukrs,
             '00'                                            depttype,
             t.wbs
         FROM hikepadm.z_wem_bus_travel_stays_detail t
         WHERE t.processid = #{docId, jdbcType=VARCHAR})
        SELECT
            fee.*,
            s.bigsubjectid subject,
            v.shorttext    subjectname,
            s.taxsubjectid,
            tv.shorttext   taxsubjectname
        FROM fee
            LEFT JOIN hikepadm.z_wem_basic_cost_subject s
                ON s.companycode = fee.bukrs
                   AND s.smacostid = fee.smafeetype
                   AND s.subtype = #{deptType, jdbcType=VARCHAR}
            LEFT JOIN hikepadm.z_wem_data_directory_view v
                ON v.datatype = 'D208'
                   AND v.datacode = s.bigsubjectid
                   AND v.language = 'ZH'
                   AND s.companycode = fee.bukrs
            LEFT JOIN hikepadm.z_wem_data_directory_view tv
                ON tv.datatype = 'D208'
                   AND tv.datacode = s.taxsubjectid
                   AND tv.language = 'ZH'
        WHERE fee.paymentamount > 0
        ]]>
	</select>

    <resultMap type="com.hikvision.it.expense.api.entity.dsdf.OtherReceivor" id="otherReceivor"></resultMap>
    <!-- 获取代收代付明细 -->
    <select id="listOtherReceivers" resultMap="otherReceivor">
	<![CDATA[
        SELECT
            t.dsdfid      AS id,
            t.processid   AS docid,
            t.skr         AS userid,
            (CASE
             WHEN p.user_unque_name IS NOT NULL
                 THEN
                     p.user_unque_name
             ELSE
                 p.user_name
             END)         AS username,
            t.companycode AS bukrs,
            c.companyname AS bukrsname,
            d.deptpath,
            t.amt         AS amount,
            t.accamt      AS payamount
        FROM hikepadm.z_wem_bus_dsdf t
            INNER JOIN hikepadm.z_wem_basic_person_info p
                ON p.user_empid = t.skr
            LEFT JOIN hikepadm.z_wem_basic_department_info d
                ON d.deptcode = p.user_deptcode
            LEFT JOIN hikepadm.z_wem_basic_company_info c
                ON c.companycode = p.user_htssgs
        WHERE t.processid = #{docId, jdbcType=VARCHAR}
              AND t.flag = 'D'
        ]]>
	</select>

    <select id="getApproveHistories" resultType="com.hikvision.it.expense.api.entity.history.ApproveHistory">
        SELECT
            t.taskid       taskId,
            t.taskname     taskName,
            o.taskdesc     taskDes,
            t.result,
            t.suggest,
            t.cm_time      cmTime,
            t.completed_by completedBy,
            (CASE
             WHEN t.result IS NOT NULL
                 THEN
                     t.completed_by_name
             ELSE
                 to_char(p.operators)
             END)          completedByName
        FROM hikepadm.t_bpm_task_instance t
            INNER JOIN hikepadm.t_bpm_process_instance p
                ON p.processid = t.processid
                   AND p.docid = #{docId, jdbcType=VARCHAR}
            LEFT JOIN t_bpm_task_object o
                ON o.taskname = t.taskname AND o.pro_objectid = 'DS01CN03'
        WHERE (t.result IS NULL OR t.result &lt;&gt; 'DELETE')
              AND (t.nodeType &lt;&gt; 'AUTO' OR t.taskname IN ('START', 'END'))
        ORDER BY t.cr_time
    </select>

    <update id="addSubsidyAmount">
        UPDATE HIKEPADM.Z_WEM_BUS_FLOW SET SUBSIDY_AMOUNT = #{subsidyAmount},
            AMTCLAIM = AMTCLAIM  - nvl(SUBSIDY_AMOUNT, 0) + #{subsidyAmount},
            AMTNET = AMTNET - nvl(SUBSIDY_AMOUNT, 0) + #{subsidyAmount}
        WHERE PROCESSID = #{docId, jdbcType=VARCHAR}
    </update>

    <update id="adjustLoanAmount">
        UPDATE HIKEPADM.Z_WEM_BUS_LOAN_DETAIL
        SET adjustedamt = #{adjustAmount},
            ACCADJUST   = #{paymentAmount}
        WHERE id = #{id}
    </update>

    <insert id="insertOtherReceivers">
        INSERT INTO HIKEPADM.Z_WEM_BUS_DSDF(
        DSDFID, PROCESSID, SKR, AMT, ACCAMT, COMPANYCODE, MODIFYTIME
        )
        (
        <foreach collection="receivers" item="item" index="index" separator="union all">
            SELECT
            sys_guid(),
            #{docId, jdbcType=VARCHAR},
            #{item.userId, jdbcType=VARCHAR},
            #{item.amount, jdbcType=NUMERIC},
            #{item.amount, jdbcType=NUMERIC},
            #{item.bukrs, jdbcType=VARCHAR},
            sysdate
            FROM dual
        </foreach>
        )
    </insert>

    <insert id="addWorkingHolidays">
        INSERT INTO HIKEPADM.Z_WEM_BUS_HOLI_WORK_DETAIL(
        ID,
        PROCESSID,
        STARTDATE
        ) (
        <foreach collection="dates" item="item" index="index" separator="union all">
            SELECT
            sys_guid(),
            #{docId, jdbcType=VARCHAR},
            to_date(#{item, jdbcType=VARCHAR}, 'yyyy-mm-dd')
            FROM dual
        </foreach>
        )
    </insert>

    <!-- 售前派工 -->
    <select id="getSqpgDocs" resultType="com.hikvision.it.expense.api.entity.oa.SqpgDoc">
        SELECT
            DOC_NUM   oaDocNum,
            DOC_TITLE oaDocTitle,
            DOC_URL   oaDocUrl
        FROM HIKEPADM.Z_WEM_BUS_TRAVEL_EXP_SQPG
        WHERE PROCESSID = #{docId, jdbcType=VARCHAR}
              AND FLAG = 'D'
    </select>
    <insert id="insertSqpgDocs">
        INSERT INTO HIKEPADM.Z_WEM_BUS_TRAVEL_EXP_SQPG(
        ID, MODIFYTIME, PROCESSID, DOC_NUM, DOC_TITLE, DOC_URL, FLAG
        ) (
        <foreach collection="items" item="item" index="index" separator="union all">
            SELECT
            sys_guid(),
            sysdate,
            #{docId, jdbcType=VARCHAR},
            #{item.oaDocNum, jdbcType=VARCHAR},
            #{item.oaDocTitle, jdbcType=VARCHAR},
            #{item.oaDocUrl, jdbcType=VARCHAR},
            'D'
            FROM dual
        </foreach>
        )
    </insert>
    <!-- 售前派工 -->

    <!--获取对私单据抬头-->
    <select id="getDocHeader" resultType="com.hikvision.it.expense.api.entity.flow.DocHeader">
		<![CDATA[
        SELECT
            f.processid     processinstanceid,
            f.processcode   processobjectid,
            f.processname   processobjectname,
            f.category      bustype,
            f.applyid,
            f.companycode   bukrs,
            f.subdate,
            f.claimusername,
            f.bpm_proc_m_id bpmUUID,
            ff.ruleid       roleId,
            ff.isbhloan     isLoan,
            p.user_inmail   mail,
            f.deptcodepath,
            f.deptcode,
            c.user_inmail   bxmail,
            f.applyproc     refdocid,
            f.creator,
            f.claimuser     claimUserId,
            f.docstatus,
            f.lang          language
        FROM hikepadm.z_wem_bus_flow f
            LEFT JOIN hikepadm.z_wem_bus_flow_flag ff ON ff.processid = f.processid
            LEFT JOIN hikepadm.z_wem_basic_person_info p ON p.user_empid = f.creator
            LEFT JOIN hikepadm.z_wem_basic_person_info c ON c.user_empid = f.claimuser
        WHERE f.processid = #{docId}
        ]]>
	</select>
    <!--获取对公单据抬头-->
    <select id="getPublicDocHeader" resultType="com.hikvision.it.expense.api.entity.flow.DocHeader">
		<![CDATA[
        SELECT
            f.process_instanceid  processinstanceid,
            f.process_objectid    processobjectid,
            f.process_displayname processobjectname,
            f.bukrs,
            f.create_on           subdate,
            f.userid              claimuserid,
            f.userid              creator,
            f.docstatus
        FROM wemext.t_form_process_list f
        WHERE f.process_instanceid = #{docId}
        ]]>
	</select>
    <!--删除对私主单据-->
    <delete id="deletePrivateDocHeader">
		<![CDATA[
        DELETE
        FROM hikepadm.z_wem_bus_flow f
        WHERE f.processid = #{docId}
              AND f.docstatus = 'S001'
        ]]>
	</delete>
    <!--删除对公主单据-->
    <delete id="deletePublicDocHeader">
		<![CDATA[
        DELETE
        FROM wemext.t_form_process_list t
        WHERE t.process_instanceid = #{docId}
              AND t.docstatus = 'S001'
        ]]>
	</delete>

    <select id="checkReferenceDocIsEnd" resultType="int">
        select count(1)
        from z_wem_bus_flow h
        where h.processid =
        #{processInstanceId}
        and h.docstatus = 'S004'
    </select>

    <select id="checkTransitApplyByApplyId" resultType="com.hikvision.it.expense.api.entity.form.FormHeader">
        SELECT f.APPLYID docNo
        FROM
            Z_WEM_BUS_FLOW f
        WHERE
            (
                F.CLAIMUSER = #{userid}
                OR F.CREATOR = #{userid}
            )
            AND f.APPLYID = #{applyId}
            AND f.DOCSTATUS IN (
                'S002',
                'S003',
                'S004',
                'S005'
            )
            AND f.processcode IN ('WEM006', 'WEM008', 'WEM010')
    </select>

    <select id="getTransitSectionByApplyId" resultType="com.hikvision.it.expense.api.entity.form.FormHeader">
        SELECT
            f.APPLYID docNo,
            MIN (td.STARTDATE) tripFromDate,
            MAX (TD.ENDDATE) tripToDate
        FROM
            Z_WEM_BUS_FLOW f
            LEFT JOIN Z_WEM_BUS_TRAVEL_APPLY_DETAIL td ON f.PROCESSID = TD.PROCESSID
        WHERE
            f.APPLYID = #{applyId}
        GROUP BY
            f.APPLYID
    </select>

    <select id="getIsUndoOk" resultType="com.hikvision.it.expense.api.entity.document.DocumentInfo">
        <![CDATA[
        SELECT
            f.applyId     applyId,
            f.processid   id,
            f.processcode processCode,
            f.applyproc   refDocId,
            adt.startDate tripFromDate,
            adt.enddate   tripToDate
        FROM z_wem_bus_flow f
            INNER JOIN (SELECT
                            min(ad.startdate) startdate,
                            max(ad.enddate)   enddate,
                            ad.processid
                        FROM z_wem_bus_travel_apply_detail ad
                        GROUP BY ad.processid) adt
                ON adt.processid = decode(f.processcode, 'WEM001', F.PROCESSID, F.APPLYPROC)

        WHERE f.processcode IN ('WEM001', 'WEM002')
              AND F.DOCSTATUS = 'S004'
              AND F.TFLAG = 'D'
              AND (F.CLAIMUSER = #{userId} OR F.CREATOR = #{userId})
              AND F.PROCESSID = #{docId}
              AND NOT EXISTS(
                SELECT 1
                FROM Z_WEM_BUS_FLOW FF
                WHERE FF.APPLYPROC = F.PROCESSID AND FF.DOCSTATUS IN ('S002', 'S003', 'S004', 'S005')
        )
              AND NOT EXISTS(
                SELECT 1
                FROM Z_WEM_BUS_FLOW ff
                WHERE ff.preapplyid = f.applyid AND ff.processcode IN ('WEM006', 'WEM010')
                      AND FF.DOCSTATUS IN ('S002', 'S003', 'S004', 'S005')
        )
        ]]>
    </select>

    <update id="updateApplyUndo">
        UPDATE z_wem_bus_flow f
        SET f.DOCSTATUS = 'S100'
        WHERE f.processcode IN ('WEM001', 'WEM002')
              AND F.DOCSTATUS = 'S004'
              AND F.TFLAG = 'D'
              AND (F.CLAIMUSER = #{userId} OR F.CREATOR = #{userId})
              AND F.PROCESSID = #{docId}
              AND NOT EXISTS(
                SELECT 1
                FROM Z_WEM_BUS_FLOW FF
                WHERE FF.APPLYPROC = F.PROCESSID AND FF.DOCSTATUS IN ('S002', 'S003', 'S004', 'S005')
                      AND ff.processcode IN ('WEM006', 'WEM010')
        )
    </update>

    <update id="updateApplyStausYbgToD">
        UPDATE z_wem_bus_flow f
        SET f.TFLAG = 'D'
        WHERE f.processcode IN ('WEM001', 'WEM002')
              AND F.DOCSTATUS = 'S004'
              AND F.TFLAG = 'YBG'
              AND (F.CLAIMUSER = #{userId} OR F.CREATOR = #{userId})
              AND F.PROCESSID = #{processId}
              AND NOT EXISTS(
                SELECT 1
                FROM Z_WEM_BUS_FLOW FF
                WHERE FF.APPLYPROC = F.PROCESSID AND FF.DOCSTATUS IN ('S002', 'S003', 'S004', 'S005')
                      AND ff.processcode IN ('WEM006', 'WEM010')
        )
    </update>

    <update id="updateKqInfo">
        UPDATE z_Wem_Bus_Kqinfo KQ
        SET kq.data_state = 'U', kq.syscn_state = 'D', STARTDATE = #{startDate,jdbcType=DATE},
            ENDDATE       = #{endDate,jdbcType=DATE}, UPTIME = sysdate
        WHERE KQ.USER_EMPID = #{userId}
              AND KQ.APPLYID = #{applyid}
    </update>

    <update id="deleteKqInfo">
        UPDATE z_Wem_Bus_Kqinfo KQ
        SET kq.data_state = 'X', kq.syscn_state = 'D', UPTIME = sysdate
        WHERE KQ.USER_EMPID = #{userId}
              AND KQ.APPLYID = #{applyid}
    </update>

    <!-- 更新对公单据发票催收邮件发送地址 -->
    <update id="insertVendorInvoiceMailAddress">
      insert into hikepadm.t_form_invoice_advice_mail(docid, userid, username, usermail)
      values (
        #{docId,jdbcType=VARCHAR},
        (select user_empid from hikepadm.z_wem_basic_person_info where user_inmail = #{mailAddress,jdbcType=VARCHAR} and rownum = 1),
        (select user_unque_name from hikepadm.z_wem_basic_person_info where user_inmail = #{mailAddress,jdbcType=VARCHAR} and rownum = 1),
        #{mailAddress,jdbcType=VARCHAR}
       )
    </update>

    <!-- 删除原有对公单据发票催收邮件发送地址 -->
    <delete id="deleteVendorInvoiceMailAddress">
    delete from hikepadm.t_form_invoice_advice_mail t
     where t.docid = #{docId,jdbcType=VARCHAR}
    </delete>
</mapper>
