<?xml version="1.0" encoding="UTF-8" ?>
<!DOCTYPE mapper
 PUBLIC "-//mybatis.org//DTD Mapper 3.0//EN"
"http://mybatis.org/dtd/mybatis-3-mapper.dtd">
<mapper namespace="com.hikvision.it.expense.rpc.dao.logs.ISendLogDao">
	<!-- 批量记录待办日志信息 -->
	<insert id="batchRecordOaTodoInfo">
		insert into hikepadm.t_log_todo
			  (id,
			   docid,
			   unid,
			   flowname,
			   status,
			   subject,
			   priority,
			   arrivetime,
			   url,
			   curdealer,
			   send_times,
			   send_flag,
			   is_approve,
			   crtime,
			   uptime)
			   (
		<foreach collection="todos" item="item" index="index" separator="union all">
			<![CDATA[
	        SELECT sys_guid(),
	  			   #{item.docid, jdbcType=VARCHAR},
	  			   #{item.unid, jdbcType=VARCHAR},
	  			   #{item.flowname, jdbcType=VARCHAR},
	  			   #{item.status, jdbcType=VARCHAR},
	  			   #{item.subject, jdbcType=VARCHAR},
	  			   #{item.priority, jdbcType=VARCHAR},
	  			   #{item.arrivetime, jdbcType=VARCHAR},
	  			   #{item.url, jdbcType=VARCHAR},
	  			   #{item.curdealer, jdbcType=VARCHAR},
	  			   0,
	  			   '1',
	  			   #{item.isApprove, jdbcType=VARCHAR},
	  			   sysdate,
	  			   sysdate from dual
	        ]]>
		</foreach>
		)
	</insert>

	<!-- 记录oa待办信息 -->
	<insert id="recordOaTodoInfo">
	<![CDATA[
	insert into hikepadm.t_log_todo
		  (id,
		   docid,
		   unid,
		   flowname,
		   status,
		   subject,
		   priority,
		   arrivetime,
		   url,
		   curdealer,
		   send_times,
		   send_flag,
		   is_approve,
		   crtime,
		   uptime)
		values
  			(sys_guid(),
  			 #{oaInfo.docid, jdbcType=VARCHAR},
  			 #{oaInfo.unid, jdbcType=VARCHAR},
  			 #{oaInfo.flowname, jdbcType=VARCHAR},
  			 #{oaInfo.status, jdbcType=VARCHAR},
  			 #{oaInfo.subject, jdbcType=VARCHAR},
  			 #{oaInfo.priority, jdbcType=VARCHAR},
  			 #{oaInfo.arrivetime, jdbcType=VARCHAR},
  			 #{oaInfo.url, jdbcType=VARCHAR},
  			 #{oaInfo.curdealer, jdbcType=VARCHAR},
  			 0,
  			 '1',
  			 #{oaInfo.isApprove, jdbcType=VARCHAR},
  			 sysdate,
  			 sysdate)
	]]>
	</insert>
	
	<!-- 批量记录邮件日志记录 -->
	<insert id="batchRecordMailInfo">
	insert into hikepadm.t_log_mail
		  (id,
		   docid,
		   taskid,
		   isoutmail,
		   subject,
		   content,
		   receivors,
		   send_flag,
		   send_times,
		   is_approve,
		   crtime,
		   uptime)
		   (
		<foreach collection="mailInfos" item="item" index="index" separator="union all">
			<![CDATA[
	        SELECT sys_guid(),
				   #{item.docId, jdbcType=VARCHAR},
				   #{item.taskId, jdbcType=VARCHAR},
				   #{item.isOutMail, jdbcType=VARCHAR},
				   #{item.subject, jdbcType=VARCHAR},
				   #{item.content, jdbcType=VARCHAR},
				   #{item.receivors, jdbcType=VARCHAR},
				   '1',
				   0,
		  		   #{item.isApprove, jdbcType=VARCHAR},
				   sysdate,
				   sysdate from dual
	        ]]>
		</foreach>
		)
	</insert>
	
	<!-- 记录邮件信息 -->
	<insert id="recordMailInfo">
	<![CDATA[
	insert into hikepadm.t_log_mail
		  (id,
		   docid,
		   taskid,
		   isoutmail,
		   subject,
		   content,
		   receivors,
		   send_flag,
		   send_times,
		   is_approve,
		   crtime,
		   uptime)
		values
		  (sys_guid(),
		   #{mailInfo.docId, jdbcType=VARCHAR},
		   #{mailInfo.taskId, jdbcType=VARCHAR},
		   #{mailInfo.isOutMail, jdbcType=VARCHAR},
		   #{mailInfo.subject, jdbcType=VARCHAR},
		   #{mailInfo.content, jdbcType=VARCHAR},
		   #{mailInfo.receivors, jdbcType=VARCHAR},
		   '1',
		   0,
  		   #{mailInfo.isApprove, jdbcType=VARCHAR},
		   sysdate,
		   sysdate)
	]]>
	</insert>

	<!-- 更新oa待办发送状态 -->
	<update id="updateOaTodoSendStatus">
	<![CDATA[
	update hikepadm.t_log_todo t
	   set t.send_times = t.send_times + 1,
	   	   t.need_send = (case 
   	   						when 
   	   							(t.send_times + 1) >= 5 and #{status, jdbcType=VARCHAR} <> 'S' 
   	   				  		then 
   	   				  			'N' 
   	   				  		else 
   	   				  			'Y' 
	   	   				  end),
	       t.send_flag = #{status, jdbcType=VARCHAR},
	       t.uptime = sysdate
	 where t.id = #{id, jdbcType=VARCHAR}
	]]>
	</update>
	
	<!-- 更新邮件发送状态 -->
	<update id="updateMailSendStatus">
	<![CDATA[
	update hikepadm.t_log_mail t
	   set t.send_times = t.send_times + 1,
	   	   t.need_send = (case 
   	   						when 
   	   							(t.send_times + 1) >= 5 and #{status, jdbcType=VARCHAR} <> 'S' 
   	   				  		then 
   	   				  			'N' 
   	   				  		else 
   	   				  			'Y' 
	   	   				  end),
	       t.send_flag = #{status, jdbcType=VARCHAR},
	       t.uptime = sysdate
	 where t.id = #{id, jdbcType=VARCHAR}
	]]>
	</update>
	
	<resultMap type="com.hikvision.it.expense.api.entity.flow.OaTodo" id="oaInfo"></resultMap>
	<!-- 获取未发送的oa待办清单 -->
	<select id="getUnSendOaTodos" resultMap="oaInfo">
	<![CDATA[
	select * from hikepadm.t_log_todo t
	 where t.need_send = 'Y' 
	   and t.send_flag = '1'
	 order by t.crtime
	]]>
	</select>
	
	<!-- 获取发送失败的oa待办列表 -->
	<select id="getFailureSendOaTodos" resultMap="oaInfo">
	<![CDATA[
	select * from hikepadm.t_log_todo t
	 where t.need_send = 'Y' 
	   and t.send_flag = 'E'
	 order by t.crtime
	]]>
	</select>
	
	<resultMap type="com.hikvision.it.expense.api.entity.flow.MailEntity" id="mailEntity"></resultMap>
	<!-- 获取未发送的邮件清单 -->
	<select id="getUnSendMails" resultMap="mailEntity">
	<![CDATA[
	select * from hikepadm.t_log_mail t
	 where t.need_send = 'Y' 
	   and t.send_flag = '1'
	 order by t.crtime
	]]>
	</select>
	
	<!-- 获取发送失败的邮件列表 -->
	<select id="getFailureSendMails" resultMap="mailEntity">
	<![CDATA[
	select * from hikepadm.t_log_mail t
	 where t.need_send = 'Y' 
	   and t.send_flag = 'E'
	 order by t.crtime
	]]>
	</select>
	
	<!-- 获取待办状态 -->
	<select id="getTaskStatus" resultType="java.lang.String">
	<![CDATA[
	select status from hikepadm.t_bpm_task_instance t
	 where t.taskid = #{taskId, jdbcType=VARCHAR}
	]]>
	</select>
	
	<!-- 设置oa待办无需发送 -->
	<update id="setOaTodoNeedNotSend">
	<![CDATA[
	update hikepadm.t_log_todo t
	   set t.need_send = 'N',
	       t.uptime = sysdate
	 where t.id = #{id, jdbcType=VARCHAR}
	]]>
	</update>
	
	<!-- 设置邮件无需发送 -->
	<update id="setMailNeedNotSend">
	<![CDATA[
	update hikepadm.t_log_mail t
	   set t.need_send = 'N',
	       t.uptime = sysdate
	 where t.id = #{id, jdbcType=VARCHAR}
	]]>
	</update>
</mapper>