<?xml version="1.0" encoding="UTF-8" ?>
<!DOCTYPE mapper
PUBLIC "-//mybatis.org//DTD Mapper 3.0//EN"
"http://mybatis.org/dtd/mybatis-3-mapper.dtd">
<mapper namespace="com.hikvision.it.expense.rpc.dao.process.IProcessDao">
	<!-- 获取流程定义 -->
	<select id="findProcessObject" resultType="com.hikvision.it.expense.api.entity.flow.ProcessObject">
		select pro_objectid processobjectid,
			   protype processType,
			   subtype subType,
			   processname, status, 
			   startup, is_timer from hikepadm.t_bpm_process_object
		 where pro_objectid = #{processObjectId, jdbcType=VARCHAR}
		   and status = 'Y'
	</select>

	<!-- 创建流程实例 -->
	<insert id="createProcess">
		insert into hikepadm.t_bpm_process_instance
		  (processid,
		   pro_objectid,
		   docid,
		   processstatus,
		   processstatusdesc,
		   created_by,
		   created_by_name,
		   cr_time,
		   cm_time,
		   uptime, 
		   version_rd, is_completed)
		 values
  		   (#{process.processId,jdbcType=VARCHAR},
  		    #{process.processObjectId,jdbcType=VARCHAR},
  		    #{process.docId,jdbcType=VARCHAR},
  		    #{process.processStatus,jdbcType=VARCHAR},
  		    #{process.processStatusDesc,jdbcType=VARCHAR},
  		    #{process.createdBy,jdbcType=VARCHAR},
  		    #{process.createdByName,jdbcType=VARCHAR},
  		    #{process.crTime,jdbcType=NUMERIC},
  		    #{process.cmTime,jdbcType=NUMERIC},
  		    #{process.upTime,jdbcType=NUMERIC},
  		    1,
  		    'N')
	</insert>
	
	<!-- 更新单据启动状态 -->
	<update id="start">
		<![CDATA[
		update hikepadm.t_bpm_process_instance t
		   set t.processstatus = 'Y',
		   	   t.processstatusdesc = '已启动',
		   	   t.uptime = #{process.upTime, jdbcType=NUMERIC}
		 where t.processid = #{process.processId,jdbcType=VARCHAR} 
		   and t.processstatus = 'D'
		]]>
	</update>
	
	<!-- 完成流程 -->
	<update id="completeProcess">
	<![CDATA[
		update hikepadm.t_bpm_process_instance t
		   set t.cm_time = #{process.cmTime, jdbcType=NUMERIC},
		   	   t.is_completed = 'Y',
		   	   t.uptime = #{process.upTime, jdbcType=NUMERIC},
		   	   t.operators = null
		 where t.processid = #{process.processId,jdbcType=VARCHAR} 
		   and t.is_completed = 'N'
	]]>
	</update>
	
	<!-- 更新流程当前处理人信息 -->
	<update id="updateProcessOperator">
		<![CDATA[
		update hikepadm.t_bpm_process_instance t
		   set t.operators = #{process.operators, jdbcType=VARCHAR},
		   	   t.uptime = #{process.upTime, jdbcType=NUMERIC}
		 where t.processid = #{process.processId,jdbcType=VARCHAR} 
		]]>
	</update>
	
	<!-- 获取流程实例 -->
	<select id="selectProcess" resultType="com.hikvision.it.expense.api.entity.flow.ProcessInstance">
		<![CDATA[
		select processid, pro_objectid processobjectid,
			   docid, processstatus, processstatusdesc,
			   created_by createdby, created_by_name createdbyname,
			   cr_time crtime, cm_time cmtime, version_rd versionrd,
			   is_completed iscompleted, uptime, operators
		  from hikepadm.t_bpm_process_instance 
		 where processid = #{processId, jdbcType=VARCHAR}
		]]>
	</select>
	
	<!-- 删除流程所有未完成的待办任务 -->
	<update id="deleteUnDoneTask">
	<![CDATA[
	update hikepadm.t_bpm_task_instance t
	   set t.status = 'Y',
	       t.is_flow = 'Y',
	       t.version_rd = #{process.versionRd, jdbcType=NUMERIC},
	       t.uptime = #{process.upTime, jdbcType=NUMERIC},
	       t.cm_time = #{process.upTime, jdbcType=NUMERIC},
	       t.result = 'DELETE'
	 where t.processid = #{process.processId, jdbcType=NUMERIC}
	   and t.STATUS = 'N'
	]]>
	</update>
	
	<!-- 替换或者还原单据事由，备注 -->
	<select id="updateApplyRemark" statementType="CALLABLE">
		{CALL PROC_REMARK_REPLACE_APPLY_DS(#{paramMap.docId,jdbcType=VARCHAR,mode=IN})}
	</select>

	<!-- 根据单据号获取流程号 -->
	<select id="getProcessIdByDocId" resultType="java.lang.String">
		<![CDATA[
		select processid
		  from hikepadm.t_bpm_process_instance
		 where docid = #{docId, jdbcType=VARCHAR}
		]]>
	</select>

	<!-- 更新流程回合数 -->
	<update id="updateProcessVersion_Rd">
		<![CDATA[
			update hikepadm.t_bpm_process_instance p
			   set p.version_rd = (p.version_rd + 1),
			       p.uptime = #{process.upTime, jdbcType=NUMERIC}
			 where p.version_rd = #{process.versionRd, jdbcType=NUMERIC}
			   and p.processid = #{process.processId, jdbcType=VARCHAR}
		]]>
	</update>
</mapper>