<?xml version="1.0" encoding="UTF-8" ?>
<!DOCTYPE mapper
        PUBLIC "-//mybatis.org//DTD Mapper 3.0//EN"
        "http://mybatis.org/dtd/mybatis-3-mapper.dtd">
<mapper namespace="com.hikvision.it.expense.rpc.dao.report.IReportDao">
    <resultMap type="com.hikvision.it.expense.api.entity.form.FormHeader" id="formHeader"></resultMap>
    <resultMap type="com.hikvision.it.expense.api.entity.document.DocumentInfo" id="report"></resultMap>
    <!-- 获取借款列表 -->
    <select id="listExpenses" resultMap="formHeader">
	<![CDATA[
        SELECT
            r.docid,
            r.docno,
            dt.zh_desc AS docTypeName,
            r.expensorName,
            r.submittedOn,
            r.amount,
            ft.exp_remark remark,
            v.SHORTTEXT   currDesc,
            (CASE
             WHEN r.docstatus = 'S004'
                 THEN
                     '已完成'
             WHEN r.docstatus = 'S002'
                 THEN
                     '已提交'
             WHEN r.docstatus = 'S003'
                 THEN
                     '审批中'
             WHEN r.docstatus = 'S005'
                 THEN
                     '已驳回'
             END)      AS docStatusName,
            p.operators as operator
        FROM (WITH tmp AS (SELECT
                               f.processid     AS docid,
                               f.applyid       as docno,
                               f.claimusername AS expensorName,
                               f.processcode   AS doctype,
                               f.subdate       AS submittedOn,
                               f.amtclaim      AS amount,
                               f.currency,
                               f.tflag,
                               f.docstatus
                           FROM hikepadm.z_wem_bus_flow f
                           WHERE f.creator = #{userId, jdbcType=VARCHAR}
                                 AND f.processcode IN ('WEM006', 'WEM008', 'WEM010', 'WEM011', 'WEM012')
                                 AND f.tflag IN ('D', 'YBX', 'YBG')
                                 AND f.docstatus IN ('S002', 'S003', 'S004', 'S005')
                           ORDER BY f.subdate DESC)
        SELECT
            t.*,
            rownum AS rn
        FROM tmp t
        WHERE rownum <= #{pageNumber, jdbcType=NUMERIC} * #{pageSize, jdbcType=NUMERIC}) r
            INNER JOIN hikepadm.t_mdm_doc_type dt
                ON dt.doctype = r.doctype
            LEFT JOIN hikepadm.z_wem_data_directory_view v
                ON v.DATATYPE = 'D103'
                   AND v.LANGUAGE = 'ZH'
                   AND v.DATACODE = r.currency
            LEFT JOIN hikepadm.z_wem_bus_flow_txt ft
                ON ft.processid = r.docid
            LEFT JOIN hikepadm.t_bpm_process_instance p
                ON p.docid = r.docid
        WHERE r.rn > (#{pageNumber, jdbcType=NUMERIC} - 1) * #{pageSize, jdbcType=NUMERIC}
        order by r.rn
        ]]>
	</select>

    <!-- 获取还款列表 -->
    <select id="listLoanAndRepayments" resultMap="formHeader">
	<![CDATA[
        SELECT
            r.docid,
            r.docno,
            dt.zh_desc AS docTypeName,
            r.expensorName,
            r.submittedOn,
            r.amount,
            ft.exp_remark remark,
            v.SHORTTEXT   currDesc,
            (CASE
             WHEN r.docstatus = 'S004'
                 THEN
                     '已完成'
             WHEN r.docstatus = 'S002'
                 THEN
                     '已提交'
             WHEN r.docstatus = 'S003'
                 THEN
                     '审批中'
             WHEN r.docstatus = 'S005'
                 THEN
                     '已驳回'
             END)      AS docStatusName,
            p.operators as operator
        FROM (WITH tmp AS (SELECT
                               f.processid     AS docid,
                               f.applyid       as docno,
                               f.claimusername AS expensorName,
                               f.processcode   AS doctype,
                               f.subdate       AS submittedOn,
                               f.amtclaim      AS amount,
                               f.currency,
                               f.tflag,
                               f.docstatus
                           FROM hikepadm.z_wem_bus_flow f
                           WHERE f.creator = #{userId, jdbcType=VARCHAR}
                                 AND f.processcode IN ('WEM003', 'WEM004')
                                 AND f.tflag IN ('D', 'YBX', 'YBG')
                                 AND f.docstatus IN ('S002', 'S003', 'S004', 'S005')
                           ORDER BY f.subdate DESC)
        SELECT
            t.*,
            rownum AS rn
        FROM tmp t
        WHERE rownum <= #{pageNumber, jdbcType=NUMERIC} * #{pageSize, jdbcType=NUMERIC}) r
            INNER JOIN hikepadm.t_mdm_doc_type dt
                ON dt.doctype = r.doctype
            LEFT JOIN hikepadm.z_wem_data_directory_view v
                ON v.DATATYPE = 'D103'
                   AND v.LANGUAGE = 'ZH'
                   AND v.DATACODE = r.currency
            LEFT JOIN hikepadm.z_wem_bus_flow_txt ft
                ON ft.processid = r.docid
            LEFT JOIN hikepadm.t_bpm_process_instance p
                ON p.docid = r.docid
        WHERE r.rn > (#{pageNumber, jdbcType=NUMERIC} - 1) * #{pageSize, jdbcType=NUMERIC}
        order by r.rn
        ]]>
	</select>

    <!-- 获取差旅列表（包含申请和变更） -->
    <select id="listTravelApplys" resultMap="formHeader">
	<![CDATA[
        SELECT
            r.docid,
            r.docno,
            dt.zh_desc AS doctypename,
            r.expensorname,
            r.submittedon,
            r.amount,
            ft.exp_remark remark,
            v.shorttext   currdesc,
            (CASE
             WHEN r.tflag = 'YBX'
                 THEN
                     '已报销'
             WHEN r.tflag = 'YBG'
                 THEN
                     '已变更'
             WHEN r.docstatus = 'S004'
                 THEN
                     '已完成'
             WHEN r.docstatus = 'S002'
                 THEN
                     '已提交'
             WHEN r.docstatus = 'S003'
                 THEN
                     '审批中'
             WHEN r.docstatus = 'S005'
                 THEN
                     '已驳回'
             END)      AS docStatusName,
            p.operators as operator
        FROM (WITH tmp AS (SELECT
                               f.processid     AS docid,
                               f.applyid       as docno,
                               f.claimusername AS expensorName,
                               f.processcode   AS doctype,
                               f.subdate       AS submittedOn,
                               f.amtclaim      AS amount,
                               f.currency,
                               f.tflag,
                               f.docstatus
                           FROM hikepadm.z_wem_bus_flow f
                           WHERE f.creator = #{userId, jdbcType=VARCHAR}
                                 AND f.processcode IN ('WEM001', 'WEM002')
                                 AND f.tflag IN ('D', 'YBX', 'YBG')
                                 AND f.docstatus IN ('S002', 'S003', 'S004', 'S005')
                           ORDER BY f.subdate DESC)
        SELECT
            t.*,
            rownum AS rn
        FROM tmp t
        WHERE rownum <= #{pageNumber, jdbcType=NUMERIC} * #{pageSize, jdbcType=NUMERIC}) r
            INNER JOIN hikepadm.t_mdm_doc_type dt
                ON dt.doctype = r.doctype
            LEFT JOIN hikepadm.z_wem_data_directory_view v
                ON v.DATATYPE = 'D103'
                   AND v.LANGUAGE = 'ZH'
                   AND v.DATACODE = r.currency
            LEFT JOIN hikepadm.z_wem_bus_flow_txt ft
                ON ft.processid = r.docid
            LEFT JOIN hikepadm.t_bpm_process_instance p
                ON p.docid = r.docid
        WHERE r.rn > (#{pageNumber, jdbcType=NUMERIC} - 1) * #{pageSize, jdbcType=NUMERIC}
        order by r.rn
        ]]>
	</select>

    <!-- 获取草稿单 -->
    <select id="listDrafts" resultMap="formHeader">
	<![CDATA[
        SELECT
            r.docid,
            r.docno,
            dt.zh_desc AS doctypename,
            r.expensorname,
            r.createdon,
            r.amount,
            ft.exp_remark remark,
            v.shorttext   currdesc
        FROM (WITH tmp AS (SELECT
                               f.processid                         AS docid,
                               f.applyid                           as docno,
                               f.claimusername                     AS expensorname,
                               f.processcode                       AS doctype,
                               to_char(f.createdate, 'yyyy-mm-dd') AS createdon,
                               f.amtclaim                          AS amount,
                               f.currency,
                               f.uptime
                           FROM hikepadm.z_wem_bus_flow f
                           WHERE f.creator = #{userId, jdbcType=VARCHAR}
                                 AND f.docstatus = 'S001'
                           ORDER BY f.createdate DESC)
        SELECT
            t.*,
            rownum AS rn
        FROM tmp t
        WHERE rownum <= #{pageNumber, jdbcType=NUMERIC} * #{pageSize, jdbcType=NUMERIC}) r
            INNER JOIN hikepadm.t_mdm_doc_type dt
                ON dt.doctype = r.doctype
            LEFT JOIN hikepadm.z_wem_data_directory_view v
                ON v.datatype = 'D103'
                   AND v.language = 'ZH'
                   AND v.datacode = r.currency
            LEFT JOIN hikepadm.z_wem_bus_flow_txt ft
                ON ft.processid = r.docid
        WHERE r.rn > (#{pageNumber, jdbcType=NUMERIC} - 1) * #{pageSize, jdbcType=NUMERIC}
        order by r.rn
        ]]>
	</select>

    <!--根据单号 提交日期 单据状态  查询申请单列表-->
    <select id="listDraftDoc" resultMap="report">
    SELECT * FROM (
        <![CDATA[
    select dg.process_instanceid as id, dg.business_id as applyid, to_char(dg.process_objectid) as processcode,
           '' as bustype, '' as status, null as opuser, null as completedtime,
           dg.create_on as createtime, dg.userid as userid,
           dg.userid as creator, '' as docstatus, dg.docstatusdesc as remark,
           '' as refapplyid, '' as refflowid, dg.docamt as refamt,0 as doctzamt,
           dg.username, dg.username as creatorname,
           dg.process_displayname as processname, dg.docstatusdesc as docstatusname, 'DG' systype,
		   0 uptime
    from wemext.t_form_process_list dg
    where dg.userid = #{userId}
      and (dg.docstatus is null or dg.docstatus = 'S001')
     ]]>

        <if test="form.applyId != null and form.applyId != ''">
            <![CDATA[
      and regexp_like(dg.business_id, #{form.applyId})
    ]]>
        </if>
        <if test="form.docStartDate != null">
            <![CDATA[
      and dg.create_on >= #{form.docStartDate, jdbcType=DATE}
    ]]>
        </if>
        <if test="form.docEndDate != null">
            <![CDATA[
      and dg.create_on <= #{form.docEndDate, jdbcType=DATE}
    ]]>
        </if>
        <![CDATA[
    union all
    select fm.processid as id, fm.applyid, fm.processcode, fm.category as bustype,
           fm.tflag as status, fm.finisher as opuser, fm.completedate as completetime,
           fm.createdate as createTime, fm.claimuser as userid,
           fm.creator, fm.docstatus, ft.exp_remark as remark, '' as refapplyid,
           '' as refflowid, 0 as refamt, 0 as reftzamt,fm.claimusername AS USERNAME,
		Fm.CREATORNAME,
		fm.PROCESSNAME,
		fm.DOCSTATUSNAME,case when FM.lang ='ZH' then 'DS' else 'EN' end systype,
		fm.uptime
     FROM z_wem_bus_flow fm

     left join z_wem_bus_flow_txt ft on fm.processid = ft.processid
    where
    (fm.claimuser = #{userId} or fm.creator=#{userId})
    and fm.docstatus = 'S001'
    ]]>
        <if test="form.applyId != null and form.applyId != ''">
            <![CDATA[
      and regexp_like(applyid, #{form.applyId})
    ]]>
        </if>
        <if test="form.docStartDate != null">
            <![CDATA[
      and fm.createdate >= #{form.docStartDate, jdbcType=DATE}
    ]]>
        </if>
        <if test="form.docEndDate != null">
            <![CDATA[
      and fm.createdate <= #{form.docEndDate, jdbcType=DATE}
    ]]>
        </if>
    ) ORDER BY createTime desc
    </select>
    <!--根据单号 提交日期 单据状态  查询申请单列表-->
    <select id="listApplyDoc" resultMap="report">
        <![CDATA[
    select fm.processid as id,
    	   fm.processid docid,
           fm.applyid, fm.processcode,
	       fm.category as bustype, fm.tflag as status,
	       (case when ins.operators is not null then ins.operators else fm.finisher end) as opuser,
	       fm.completedate as completetime, fm.subdate as subtime,
	       fm.claimuser as userid, fm.creator, fm.docstatus, refm.category as refbustype,
	         ft.exp_remark as remark, refm.applyid as refapplyid, refm.processid as refflowid,
	         refm.amtclaim as refamt, refm.amtnet as reftzamt,  fm.claimusername as username,
		  fm.creatorname,
	       refm.processcode as refprocesscode,
		   fm.processname,
		   fm.docstatusname, case when fm.lang ='ZH' then 'DS' else 'EN' end systype
	         from z_wem_bus_flow fm
	  left join t_bpm_process_instance ins on ins.docid = fm.processid
	  left join z_wem_bus_flow_txt ft
	    on fm.processid = ft.processid
	  left join z_wem_bus_flow refm
	    on (fm.processid = refm.applyproc and refm.processcode<>'WEM001')
	   and refm.docstatus in ('S005', 'S003', 'S002', 'S004')
	 where (fm.claimuser = #{userId} or fm.creator = #{userId})
	   and fm.processcode in ('WEM001', 'WEM002')
    ]]>
        <if test="form.docStatus != null and form.docStatus.size>0">
            and fm.docstatus in
            <foreach item="item" index="index" collection="form.docStatus"
                     open="(" separator="," close=")">
                #{item}
            </foreach>
        </if>
        <if test="form.docStatus == null">
            <![CDATA[
		   and fm.docstatus not in ('S001','S099','S100')
		]]>
        </if>
        <if test="form.applyId != null and form.applyId != ''">
            <![CDATA[
     and regexp_like(fm.applyid, #{form.applyId})
      ]]>
        </if>
        <if test="form.docStartDate != null">
            <![CDATA[
     AND FM.CREATEDATE >= #{form.docStartDate}
     ]]>
        </if>
        <if test="form.docEndDate != null">
            <![CDATA[
     AND FM.CREATEDATE <= #{form.docEndDate}
     ]]>
        </if>
     ORDER BY subtime desc
    </select>
    <!--根据申请单号 提交日期区间 金额区间  供应商 事由 单据状态 查询申请单列表-->
    <select id="listPublicExpenseDoc" resultMap="report">
        <![CDATA[
	  select dg.process_instanceid as id, dg.business_id as applyid, 'DG' systype,
	       to_char(dg.process_objectid) as processcode, dg.completed_on as completetime,
	       dg.create_on as createtime, dg.userid, dg.remark,
	       dg.docamt as refamt , dg.username, dg.process_displayname as processname,
	       dg.docstatus, dg.docstatusdesc as docstatusname, dg.operator as opuser
	    from wemext.t_form_process_list dg
	  where dg.userid = #{userId}
	  ]]>
        <if test="form.docStatus != null and form.docStatus.size>0">
            and dg.docstatus in
            <foreach item="item" index="index" collection="form.docStatus"
                     open="(" separator="," close=")">
                #{item}
            </foreach>
        </if>
        <if test="form.docStatus == null">
            <![CDATA[
		   and dg.docstatus not in ('S001','S099')
		]]>
        </if>
        <if test="form.applyId != null and form.applyId != ''">
            <![CDATA[
	    and regexp_like(dg.business_id, #{form.applyId})
	  ]]>
        </if>
        <if test="form.userIdOrName != null and form.userIdOrName != ''">
            <![CDATA[
	    and regexp_like(upper(concat(dg.lifnr,  lifnr_txt)), upper(#{form.userIdOrName}))
	  ]]>
        </if>
        <if test="form.remark != null and form.remark != ''">
            <![CDATA[
	    and regexp_like(dg.remark, #{form.remark})
	  ]]>
        </if>
        <if test="form.docStartDate != null">
            <![CDATA[
	    and dg.create_on >= #{form.docStartDate, jdbcType=DATE}
	  ]]>
        </if>
        <if test="form.docEndDate != null">
            <![CDATA[
	    and dg.create_on <= #{form.docEndDate, jdbcType=DATE}
	  ]]>
        </if>

        <if test="form.docMinAmt != null">
            <![CDATA[
		    and dg.docamt >= #{form.docMinAmt}
		  ]]>
        </if>

        <if test="form.docMaxAmt != null">
            <![CDATA[
		    and dg.docamt <= #{form.docMaxAmt}
		  ]]>
        </if>
        union all
        <![CDATA[
	select fw.processid as id,
       fw.applyid,
       'DG' systype,
       fw.processcode,
       fw.completedate as completetime,
       fw.subdate as createtime,
       fw.claimuser as userid,
       ft.exp_remark as remark,
       fw.amtclaim as refamt,
       fw.creatorname as username,
       fw.processname,
       fw.docstatus,
       fw.docstatusname,
       ins.operators as opuser
       from hikepadm.z_wem_bus_flow fw
        left join hikepadm.z_wem_bus_flow_txt ft on ft.processid = fw.processid
	   inner join hikepadm.t_mdm_doc_type t on t.doctype = fw.processcode and t.bus_type = 'DG'
       inner join hikepadm.t_bpm_process_instance ins on ins.docid = fw.processid
        left join hikepadm.t_form_receivor_info ti on ti.docid = fw.processid
        left join hikepadm.t_form_contract_ext ce on ce.docid = fw.processid
       where fw.claimuser = #{userId}
	]]>
        <if test="form.docStatus != null and form.docStatus.size>0">
            and fw.docstatus in
            <foreach item="item" index="index" collection="form.docStatus"
                     open="(" separator="," close=")">
                #{item}
            </foreach>
        </if>
        <if test="form.docStatus == null">
            <![CDATA[
	   and fw.docstatus not in ('S001','S099')
	]]>
        </if>
        <if test="form.userIdOrName != null and form.userIdOrName != ''">
            <![CDATA[
	    and regexp_like(upper(concat(concat(concat(ti.lifnr, ti.lifnr_txt), ce.lifnr), ce.lifnr_txt)), upper(#{form.userIdOrName}))
	  ]]>
        </if>
        <if test="form.applyId != null and form.applyId != ''">
            <![CDATA[
	    and regexp_like(fw.applyid, #{form.applyId})
	  ]]>
        </if>
        <if test="form.remark != null and form.remark != ''">
            <![CDATA[
	    and regexp_like(fw.exp_remark, #{form.remark})
	  ]]>
        </if>
        <if test="form.docStartDate != null">
            <![CDATA[
	    and fw.subdate >= #{form.docStartDate, jdbcType=DATE}
	  ]]>
        </if>
        <if test="form.docEndDate != null">
            <![CDATA[
	    and fw.subdate <= #{form.docEndDate, jdbcType=DATE}
	  ]]>
        </if>
        <if test="form.docMinAmt != null">
            <![CDATA[
		    and fw.amtnet >= #{form.docMinAmt}
		  ]]>
        </if>
        <if test="form.docMaxAmt != null">
            <![CDATA[
		    and fw.amtnet <= #{form.docMaxAmt}
		  ]]>
        </if>
    </select>
    <!--根据单号 提交日期 单据状态  查询报销单列表-->
    <select id="listPrivateExpenseDoc" resultMap="report">
        <![CDATA[
    SELECT fm.processid as id, fm.applyid, fm.processcode,
    	   fm.processid docid,
	       fm.category as bustype, fm.tflag as status,
	       (case when ins.operators is not null then ins.operators else fm.finisher end) as opuser,
	       fm.completedate as completetime, fm.subdate as subtime,
	       fm.claimuser as userid, fm.creator, fm.docstatus,
	         ft.exp_remark as remark, refm.applyid as refapplyid, refm.processid as refflowid,
	         fm.amtclaim as refamt, fm.amtnet as reftzamt, fm.claimusername as username,
		  fm.creatorname,
	       refm.processcode as refprocesscode,
		   fm.processname,
		   fm.docstatusname, case when fm.lang ='ZH' then 'DS' else 'EN' end systype,
	         to_date(sc1.record_datetime  ,'yyyy-mm-dd hh24:mi:ss') ywscan,
	         oi.archive_date cwscan
	         from hikepadm.z_wem_bus_flow fm
	   inner join hikepadm.t_mdm_doc_type t on t.doctype = fm.processcode and t.bus_type = 'DS'
	    left join t_bpm_process_instance ins on ins.docid = fm.processid
	    left join z_wem_bus_flow_txt ft on fm.processid = ft.processid
	    left join z_wem_bus_flow refm on (fm.processid = refm.applyproc and refm.processcode<>'WEM001')
	    left join mv_sc_scan_record_view sc1 on  fm.applyid = sc1.bill_no and sc1.scan_type_code = 'SC_001'
	    left join (select o.document_id,min(o.archive_date) archive_date from t_bpm_opentext_i o
            where o.status = '1'	group by o.document_id	) oi on oi.document_id = fm.processid
	    where (fm.claimuser = #{userId} or fm.creator = #{userId})
	      and fm.processcode not in ('WEM001', 'WEM002', 'WEM003', 'WEM004')
    ]]>
        <if test="form.docStatus != null and form.docStatus.size>0">
            and fm.docstatus in
            <foreach item="item" index="index" collection="form.docStatus"
                     open="(" separator="," close=")">
                #{item}
            </foreach>
        </if>
        <if test="form.docStatus == null">
            <![CDATA[
		   and fm.docstatus not in ('S001','S099','S100')
		]]>
        </if>
        <if test="form.applyId != null and form.applyId != ''">
            <![CDATA[
      and regexp_like(fm.applyid, #{form.applyId})
      ]]>
        </if>
        <if test="form.docStartDate != null">
            <![CDATA[
     AND FM.CREATEDATE >= #{form.docStartDate}
     ]]>
        </if>
        <if test="form.docEndDate != null">
            <![CDATA[
     AND FM.CREATEDATE <= #{form.docEndDate}
     ]]>
        </if>
    ORDER BY subtime desc
    </select>
    <!--根据单号 提交日期 单据状态  查询借还款列表-->
    <select id="listLoanAndRepayDoc" resultMap="report">
        <![CDATA[
    SELECT fm.processid as id, fm.applyid, fm.processcode,fm.processid docid,
	       fm.category as bustype, fm.tflag as status,
	       (case when ins.operators is not null then ins.operators else fm.finisher end) as opuser,
	       fm.completedate as completetime, fm.subdate as subtime,
	       fm.claimuser as userid, fm.creator, fm.docstatus,
	         ft.exp_remark as remark, refm.applyid as refapplyid, refm.processid as refflowid,
	         fm.amtclaim as refamt, fm.amtnet as reftzamt, fm.claimusername as username,
			fm.creatorname,
			fm.processname,
			fm.docstatusname, case when fm.lang ='ZH' then 'DS' else 'EN' end systype
	         from z_wem_bus_flow fm
	    left join t_bpm_process_instance ins on ins.docid = fm.processid
	    left join z_wem_bus_flow_txt ft on fm.processid = ft.processid
	    left join z_wem_bus_flow refm on fm.processid = refm.applyproc
	    where (fm.claimuser = #{userId} or fm.creator = #{userId})
	      and fm.processcode in ('WEM003', 'WEM004')
    ]]>
        <if test="form.docStatus != null and form.docStatus.size>0">
            and fm.docstatus in
            <foreach item="item" index="index" collection="form.docStatus"
                     open="(" separator="," close=")">
                #{item}
            </foreach>
        </if>
        <if test="form.docStatus == null">
            <![CDATA[
		   and fm.docstatus not in ('S001','S099','S100')
		]]>
        </if>
        <if test="form.applyId != null and form.applyId != ''">
            <![CDATA[
      AND regexp_like(FM.APPLYID, #{form.applyId})
      ]]>
        </if>
        <if test="form.docStartDate != null">
            <![CDATA[
     AND FM.CREATEDATE >= #{form.docStartDate}
     ]]>
        </if>
        <if test="form.docEndDate != null">
            <![CDATA[
     AND FM.CREATEDATE <= #{form.docEndDate}
     ]]>
        </if>
      ORDER BY  subtime desc
    </select>

    <!-- 查询预付款催收清单 -->
    <resultMap id="vendorFormHeader" type="com.hikvision.it.expense.api.entity.form.VendorFormHeader"></resultMap>
    <select id="listVendorAdvice" resultMap="vendorFormHeader">
        <![CDATA[
        select * from (
        select f.processid as docid,
               f.applyid as docno,
               f.category as smaFeeType,
               b1.zh_desc as bigFeeTypeName,
               b2.zh_desc as smaFeeTypeName,
               f.companycode as bukrs,
               to_char(f.completedate, 'yyyy-mm-dd') as completeddate,
               to_char(t.fphs_date, 'yyyy-mm-dd') as fphsdate,
               c.lifnr,
               c.lifnr_txt as lifnrtxt,
               f.claimuser expensor,
               f.claimusername expensorname,
               Translate(ft.exp_remark using char_cs) as remark,
               f.currency,
               di.deptpath,
               f.amtclaim amount,
               c.paid_amt writeOffAmount,
               c.online_pay_amt,
               (case when m.userid is null then p.user_empid else m.userid end) as mailReceivor,
               (case when m.username is null then p.user_unque_name else m.username end) as mailReceivorName,
               (case when m.usermail is null then p.user_inmail else m.usermail end) as mailReceivorMailAddress
          from hikepadm.z_wem_bus_flow f
          left join hikepadm.t_form_invoice_advice_mail m on m.docid = f.processid
         inner join hikepadm.z_wem_basic_department_info di on di.deptcode = f.deptcode
         inner join hikepadm.z_wem_basic_person_info p on p.user_empid = f.claimuser
          left join hikepadm.t_cfg_doc_bus db on db.id = f.category
          left join hikepadm.t_mdm_bus_1st b1 on b1.bus_1_id = db.bus_1_id
          left join hikepadm.t_mdm_bus_2st b2 on b2.bus_2_id = db.bus_2_id
         inner join hikepadm.t_form_pub_ext t
            on t.docid = f.processid
           and t.fphs_date <= sysdate
          left join hikepadm.z_wem_bus_flow_txt ft
            on ft.processid = f.processid
          left join hikepadm.t_mdm_pay_ctrl c
            on c.ctrltype = 'WRITEOFF'
           and c.item_code = f.applyid
         where f.processcode = 'YF01'
           and f.category <> 'YF011033829'
           and f.docstatus in ('S004')
           and f.amtclaim > (nvl(c.paid_amt, 0) + nvl(c.online_pay_amt, 0))
        union all
        select h.process_instanceid as docid,
               h.business_id as docno,
               h.business_type_2 as smaFeeType,
               h.business_type_1_txt as bigFeeTypeName,
               h.business_type_2_txt as smaFeeTypeName,
               h.bukrs,
               to_char(p.completed_on, 'yyyy-mm-dd') as completeddate,
               to_char(h.zfbdt, 'yyyy-mm-dd') as fphsdate,
               h.lifnr,
               h.lifnr_txt as lifnrtxt,
               p.userid expensor,
               p.username expensorname,
               h.description remark,
               p.currency,
               p.deptpath,
               h.pay_amt amount,
               nvl(c.paid_amt, 0) writeOffAmount,
               nvl(c.payment_intransit_amt, 0) online_pay_amt,
               (case when m.userid is null then pi.user_empid else m.userid end) as mailReceivor,
               (case when m.username is null then pi.user_unque_name else m.username end) as mailReceivorName,
               (case when m.usermail is null then pi.user_inmail else m.usermail end) as mailReceivorMailAddress
          from wemext.t_form_exp_adv_h h
         inner join wemext.t_form_process_list p
            on p.process_instanceid = h.process_instanceid
          left join hikepadm.t_form_invoice_advice_mail m on m.docid = p.process_instanceid
         inner join hikepadm.z_wem_basic_person_info pi on pi.user_empid = p.userid
          left join wemext.t_mdm_pay_ctrl c
            on c.note = 'WRITEOFF'
           and c.item_code = h.business_id
         where h.process_objectid in ('1004', '1005', '1006')
           and h.business_id like 'YF%'
           and h.pay_amt > (nvl(c.paid_amt, 0) + nvl(c.payment_intransit_amt, 0))
           and h.zfbdt <= sysdate) d
         where 1 = 1
        ]]>
        <if test="docid != null and docid !='' ">
            and d.docid =#{docid}
        </if>
        <if test="bukrsList != null and bukrsList.size() > 0">
            and d.bukrs in
            <include refid="bukrsFilter" />
        </if>
        <if test="expensorList != null and expensorList.size() > 0">
            and d.expensor in
            <include refid="expensorFilter" />
        </if>
        <if test="lifnrList != null and lifnrList.size() > 0">
            and d.lifnr in
            <include refid="lifnrFilter" />
        </if>
        <if test="currencyList != null and currencyList.size() > 0">
            and d.currency in
            <include refid="currencyFilter" />
        </if>
        <if test="smaFeeList != null and smaFeeList.size() > 0">
            and d.smaFeeType in
            <include refid="smaFeeFilter" />
        </if>
        order by d.fphsdate
    </select>
    <!-- 公司过滤 -->
    <sql id="bukrsFilter">
        <foreach item="item" index="index" collection="bukrsList"
                 open="(" separator="," close=")">
            #{item}
        </foreach>
    </sql>
    <!-- 报销人过滤 -->
    <sql id="expensorFilter">
        <foreach item="item" index="index" collection="expensorList"
                 open="(" separator="," close=")">
            #{item}
        </foreach>
    </sql>
    <!-- 供应商过滤 -->
    <sql id="lifnrFilter">
        <foreach item="item" index="index" collection="lifnrList"
                 open="(" separator="," close=")">
            #{item}
        </foreach>
    </sql>
    <!-- 币别过滤 -->
    <sql id="currencyFilter">
        <foreach item="item" index="index" collection="currencyList"
                 open="(" separator="," close=")">
            #{item}
        </foreach>
    </sql>
    <!-- 币别过滤 -->
    <sql id="smaFeeFilter">
        <foreach item="item" index="index" collection="smaFeeList"
                 open="(" separator="," close=")">
            #{item}
        </foreach>
    </sql>

    <select id="listForeignCurrencyLoans" resultType="com.hikvision.it.expense.api.entity.report.ForeignCurrencyLoanDetail">
        SELECT
            T.APPLYID                         docNo,
            D.CURRENCY                        currency,
            D.LOANAMT                         amount,
            to_char(D.LOANDATE, 'yyyy-mm-dd') loanDate,
            T.CLAIMUSER,
            P.USER_NAME                       userName,
            C.COMPANYCODE,
            C.COMPANYNAME                     bukrsName
        FROM Z_WEM_BUS_LOAN_DETAIL D
            INNER JOIN Z_WEM_BUS_FLOW T ON T.PROCESSID = D.LOANDOCNUM
                                           AND T.DOCSTATUS NOT IN ('S001', 'S004', 'S006', 'S099', 'S005', 'S100')
            INNER JOIN Z_WEM_BASIC_PERSON_INFO P ON T.CLAIMUSER = P.USER_EMPID
            INNER JOIN Z_WEM_BASIC_COMPANY_INFO C ON C.COMPANYCODE = T.COMPANYCODE
        WHERE D.CURRENCY != C.CURRENCY AND D.FLAG
                                           &lt;&gt;
                                           'X'
    </select>

    <resultMap id="chartData" type="com.hikvision.it.expense.api.entity.base.ChartData"></resultMap>
    <!-- 获取员工个人在途报销费用统计信息按照报销单据类别统计 -->
    <select id="getOnlineReimTotal" resultMap="chartData">
    select f.processcode as doctype,
           t.zh_desc as doctypename,
           sum(nvl(f.amtclaim, 0)) amount
      from hikepadm.z_wem_bus_flow f
     inner join hikepadm.t_mdm_doc_type t
        on t.doctype = f.processcode
     where f.docstatus in ('S002', 'S003', 'S005')
       and f.processcode in ('WEM008', 'WEM006', 'WEM010', 'WEM011', 'WEM012')
       and f.claimuser = #{userId, jdbcType=VARCHAR}
     group by f.processcode, t.zh_desc
    </select>
</mapper>
