<?xml version="1.0" encoding="UTF-8" ?>
<!DOCTYPE mapper
 PUBLIC "-//mybatis.org//DTD Mapper 3.0//EN"
"http://mybatis.org/dtd/mybatis-3-mapper.dtd">
<mapper namespace="com.hikvision.it.expense.rpc.dao.subsidy.ISubsidyDao">
	<resultMap type="com.hikvision.it.expense.api.entity.allowance.SubsidyInfo" id="subsidyInfo"></resultMap>
	<!-- 根据公司代码获取补贴范围内所有有效的补贴标准 -->
	<select id="listSubsidyStandard" resultMap="subsidyInfo">
		<![CDATA[
		select dominter       expensetype,
		       empclassid     usergrade,
		       regclassid     citygrade,
		       countryid      country,
		       cityid         city,
		       currency,
		       allowancevalue amount,
		       startdate      validfrom,
		       enddate        validto,
		       hour,
		       linekm
		  from hikepadm.z_wem_basic_subsidy
		 where allowancetype = #{subsidyType, jdbcType=VARCHAR}
		   and companycode = #{bukrs, jdbcType=VARCHAR}
		   and startdate <= to_date(#{toDate, jdbcType=VARCHAR}, 'yyyy-mm-dd')
		   and enddate >= to_date(#{fromDate, jdbcType=VARCHAR}, 'yyyy-mm-dd')
		]]>
	</select>
	
	<!-- 根据公司代码、差旅城市获取去过城市的伙食补贴标准 -->
	<select id="listFoodSubsidyStandard" resultMap="subsidyInfo">
	<![CDATA[
	select t.dominter       expensetype,
	       t.empclassid     usergrade,
	       t.regclassid     citygrade,
	       t.countryid      country,
	       t.cityid         city,
	       t.currency,
	       t.allowancevalue amount,
	       t.startdate      validfrom,
	       t.enddate        validto
	  from hikepadm.z_wem_basic_subsidy t
	 where t.allowancetype = '008'
	   and t.companycode = #{bukrs, jdbcType=VARCHAR}
	   and startdate <= to_date(#{toDate, jdbcType=VARCHAR}, 'yyyy-mm-dd')
	   and enddate >= to_date(#{fromDate, jdbcType=VARCHAR}, 'yyyy-mm-dd')
	   and t.regclassid in (
	]]>
    <foreach collection="tripLines" item="item" index="index" separator="union all">
	<![CDATA[
       select #{item.placeGrade,jdbcType=VARCHAR} from dual
       ]]>
	</foreach>
    )
	</select>
	
	<!-- 根据公司代码、差旅城市获取去过城市是否有需要发放艰苦补贴的城市 -->
	<select id="listHardSubsidyStandard" resultMap="subsidyInfo">
	with tripinfo as (
	<foreach collection="tripLines" item="item" index="index" separator="union all">
		<![CDATA[
        SELECT #{item.tripCountry,jdbcType=VARCHAR} as country,
        	   #{item.tripCity,jdbcType=VARCHAR} as city from dual
        ]]>
	</foreach>
	<![CDATA[
	)
	select t.dominter       expensetype,
	       t.empclassid     usergrade,
	       t.regclassid     citygrade,
	       t.countryid      country,
	       t.cityid         city,
	       t.currency,
	       t.allowancevalue amount,
	       t.startdate      validfrom,
	       t.enddate        validto
	  from tripinfo trip
	 inner join hikepadm.z_wem_basic_subsidy t
	    on t.allowancetype = '010'
	   and t.companycode = #{bukrs, jdbcType=VARCHAR}
	   and t.countryid = trip.country
	   and ((t.countryid <> 'CN' and t.cityid is null) or
	       (t.countryid = 'CN' and t.cityid = trip.city))
	]]>
	</select>
	
	<resultMap type="com.hikvision.it.expense.api.entity.allowance.WPOrSXInfo" id="wpOrSXInfo"></resultMap>
	<!-- 获取员工补贴范围内的外派信息 -->
	<select id="listWPInfo" resultMap="wpOrSXInfo">
	<![CDATA[
	select t.user_empid userid,
	       t.fromdate,
	       t.enddate,
	       t.countryid country,
	       case t.countryid
	         when 'CN' then
	          t.cityid
	         else
	          t.countryid
	       end city,
	       d.regclassid placeGrade
	  from hikepadm.z_wem_basic_wp_sxs_view t
	  left join hikepadm.z_wem_basic_district d
	    on d.countryid = t.countryid
	   and d.startdate <= sysdate
	   and d.enddate >= sysdate
	   and (case
	         when t.countryid = 'CN' then
	          t.cityid
	         else
	          t.countryid
	       end) = d.cityid
	 where t.infotype = 'WP'
	   and t.user_empid = #{userId, jdbcType=VARCHAR}
	   and t.fromdate <= to_date(#{toDate, jdbcType = VARCHAR}, 'yyyy-mm-dd')
	   and t.enddate >= to_date(#{fromDate, jdbcType = VARCHAR}, 'yyyy-mm-dd')
	]]>
	</select>
	
	<!-- 获取员工补贴范围内的实习信息 -->
	<select id="listSXInfo" resultMap="wpOrSXInfo">
	<![CDATA[
	select t.user_empid userid,
	       t.fromdate,
	       t.enddate
	  from hikepadm.z_wem_basic_wp_sxs_view t
	 where t.infotype = 'SX'
	   and t.user_empid = #{userId, jdbcType=VARCHAR}
	   and t.fromdate <= to_date(#{toDate, jdbcType = VARCHAR}, 'yyyy-mm-dd')
	   and t.enddate >= to_date(#{fromDate, jdbcType = VARCHAR}, 'yyyy-mm-dd')
	]]>
	</select>
	
	<resultMap type="com.hikvision.it.expense.api.entity.allowance.AllowanceDetail" id="allowanceDetail"></resultMap>
	<!-- 获取员工补贴范围内已发放的补贴明细 -->
	<select id="listPaidSubsidy" resultMap="allowanceDetail">
	<![CDATA[
	select t.processid       docid,
	       t.user_empid      userid,
	       to_char(t.subsidydate, 'yyyy-mm-dd')     allowanceDate,
	       t.currency,
	       t.amount allowanceAmount,
	       t.currency_amount payamount
	  from hikepadm.z_wem_bus_travel_subsidy t
	 where t.user_empid = #{userId, jdbcType=VARCHAR}
           and exists(SELECT 1
                      from Z_WEM_BUS_FLOW
                      where PROCESSID = #{docId, jdbcType=VARCHAR} AND DOCSTATUS in ('S002', 'S003', 'S004'))
           and allowancetype = #{subsidyType, jdbcType=VARCHAR}
           and t.subsidydate >= to_date(#{fromDate, jdbcType = VARCHAR}, 'yyyy-mm-dd')
           and t.subsidydate <= to_date(#{toDate, jdbcType = VARCHAR}, 'yyyy-mm-dd')
           and t.currency_amount > 0
        ]]>
	</select>
	
	<!-- 获取周末调休list -->
	<select id="listOffWeekend" resultType="java.sql.Date">
	<![CDATA[
	select t.holidate
	  from hikepadm.z_wem_basic_holiday t
	 where t.companycode = '8100'
	   and t.holidaytype = '02'
	   and t.holidate >= to_date(#{fromDate, jdbcType = VARCHAR}, 'yyyy-mm-dd')
	   and t.holidate <= to_date(#{toDate, jdbcType = VARCHAR}, 'yyyy-mm-dd')
	]]>
	</select>
	
	<!-- 统计补贴发放次数 -->
	<select id="countSubsidyPaidTimes" resultType="java.lang.Integer">
	<![CDATA[
	select count(1)
	  from hikepadm.z_wem_bus_travel_subsidy t
	 where t.user_empid = #{userId, jdbcType=VARCHAR}
	   and t.flag = 'D'
	]]>
	<if test="subsidyType != null and subsidyType != ''">
	   and t.allowancetype = #{subsidyType, jdbcType=VARCHAR}
	</if>
	<![CDATA[
	   and t.subsidydate = to_date(#{subsidyDate, jdbcType=VARCHAR}, 'yyyy-mm-dd')
	   and t.amount <> 0
	   and exists (select 1
	          from z_wem_bus_flow f
	         where f.processid = t.processid
	           and f.docstatus in ('S002', 'S003', 'S004'))
	]]>
	</select>
	
	<!-- 批量保存补贴汇总信息 -->
	<insert id="batchInsertAllowance">
	insert into hikepadm.t_form_exp_subsidy
	  (id,
	   docid,
	   docno,
	   userid,
	   username,
	   userstate,
	   allowancedate,
	   currency,
	   food,
	   hard,
	   weekend,
	   am,
	   pm,
	   line,
       RENT,
	   FOOD_PAID,
	   HARD_PAID,
	   WEEKEND_PAID,
	   AM_PAID,
	   PM_PAID,
	   LINE_PAID,
       RENT_PAID)
	  (
	  <foreach collection="allowances" item="item" index="index" separator="union all">
			<![CDATA[
	        select #{item.id,jdbcType=VARCHAR},
	        	   #{item.docId,jdbcType=VARCHAR},
	        	   #{item.docNo,jdbcType=VARCHAR},
	        	   #{item.userId,jdbcType=VARCHAR},
	        	   #{item.userName,jdbcType=VARCHAR},
	        	   #{item.userState,jdbcType=VARCHAR},
	        	   to_date(#{item.allowanceDate,jdbcType=VARCHAR}, 'yyyy-mm-dd'),
	        	   #{item.currency,jdbcType=VARCHAR},
	        	   #{item.foodAllowanceAmount,jdbcType=NUMERIC},
	        	   #{item.hardAllowanceAmount,jdbcType=NUMERIC},
	        	   #{item.holidayAllowanceAmount,jdbcType=NUMERIC},
	        	   #{item.amAllowanceAmount,jdbcType=NUMERIC},
	        	   #{item.pmAllowanceAmount,jdbcType=NUMERIC},
	        	   #{item.lineAllowanceAmount,jdbcType=NUMERIC},
	        	   #{item.rentAllowanceAmount,jdbcType=NUMERIC},
	        	   #{item.foodAllowanceAmount,jdbcType=NUMERIC},
	        	   #{item.hardAllowanceAmount,jdbcType=NUMERIC},
	        	   #{item.holidayAllowanceAmount,jdbcType=NUMERIC},
	        	   #{item.amAllowanceAmount,jdbcType=NUMERIC},
	        	   #{item.pmAllowanceAmount,jdbcType=NUMERIC},
	        	   #{item.lineAllowanceAmount,jdbcType=NUMERIC},
	        	   #{item.rentAllowanceAmount,jdbcType=NUMERIC} from dual
	        ]]>
		</foreach>
	  )
	</insert>
	
	<!-- 删除补贴信息 -->
	<delete id="deleteAllowance">
	<![CDATA[
	delete from hikepadm.t_form_exp_subsidy t
	 where t.docid = #{docId,jdbcType=VARCHAR}
	]]>
	</delete>
	
	<!-- 删除补贴明细 -->
	<delete id="deleteAllowanceDetail">
	delete from hikepadm.z_wem_bus_travel_subsidy t
	 where t.processid = #{docId,jdbcType=VARCHAR}
		<if test="isRentAllowanceDetail">
			and t.ALLOWANCETYPE = '011'
		</if>
		<if test="!isRentAllowanceDetail">
			and t.ALLOWANCETYPE &lt;&gt; '011'
		</if>
	</delete>

    <insert id="batchInsertAllowanceDetail">
        insert into hikepadm.z_wem_bus_travel_subsidy
        (id,
        processid,
        ordno,
        user_empid,
        subsidydate,
        timepart,
        allowancetype,
        country,
        city,
        cityname,
        currency,
        currency_amount,
        rate,
        amount,
        deductionamount,
        deductioncurrency,
        deductionreason,
        flag,
        modifytime)
        (select * from (
        <foreach collection="allowanceDetails" item="item" index="index" separator="union all">
            <![CDATA[
        select #{item.id,jdbcType=VARCHAR},
        	   #{item.docId,jdbcType=VARCHAR},
        	   #{item.docNo,jdbcType=VARCHAR},
        	   #{item.userId,jdbcType=VARCHAR} as userid,
        	   to_date(#{item.allowanceDate,jdbcType=VARCHAR}, 'yyyy-mm-dd') as subsidydate,
        	   #{item.dateType,jdbcType=VARCHAR},
        	   #{item.allowanceType,jdbcType=VARCHAR} as allowancetype,
        	   #{item.country,jdbcType=VARCHAR},
        	   #{item.city,jdbcType=VARCHAR},
        	   #{item.cityName,jdbcType=VARCHAR},
        	   #{item.currency,jdbcType=VARCHAR} ,
        	   #{item.allowanceAmount,jdbcType=NUMERIC},
        	   #{item.rate,jdbcType=NUMERIC},
        	   #{item.payAmount,jdbcType=NUMERIC},
        	   #{item.deductionAmount,jdbcType=NUMERIC},
        	   #{item.deductionCurrency,jdbcType=VARCHAR},
        	   #{item.deductionReason,jdbcType=VARCHAR},
        	   #{flag, jdbcType=VARCHAR},
        	   sysdate from dual
        ]]>
        </foreach>
        ) d where #{item.payAmount,jdbcType=NUMERIC} = 0 or not exists
        (select 1
        from hikepadm.z_wem_bus_travel_subsidy t
        where t.user_empid = d.userid
        and t.allowancetype = d.allowancetype
        and t.subsidydate = d.subsidydate
        and t.amount &lt;&gt; 0
        and exists (select 1
        from z_wem_bus_flow f
        where f.processid = t.processid
        and f.docstatus in ('S002', 'S003', 'S004'))
        and t.flag = 'D'))
    </insert>

    <select id="listAllowance" resultType="com.hikvision.it.expense.api.entity.allowance.Allowance">
        SELECT
            ID                                   id,
            DOCID                                docId,
            DOCNO                                docNo,
            USERID                               userId,
            USERNAME                             userName,
            USERSTATE                            userState,
            to_char(ALLOWANCEDATE, 'yyyy-mm-dd') allowanceDate,
            CURRENCY                             currency,
            FOOD                                 foodAllowanceAmount,
            HARD                                 hardAllowanceAmount,
            WEEKEND                              holidayAllowanceAmount,
            AM                                   amAllowanceAmount,
            PM                                   pmAllowanceAmount,
            LINE                                 lineAllowanceAmount,
            RENT                                 rentAllowanceAmount,
            FOOD_PAID                            foodPayAmount,
            HARD_PAID                            hardPayAmount,
            WEEKEND_PAID                         holidayPayAmount,
            AM_PAID                              amPayAmount,
            PM_PAID                              pmPayAmount,
            LINE_PAID                            linePayAmount,
            RENT_PAID                            rentPayAmount
        from HIKEPADM.T_FORM_EXP_SUBSIDY
        WHERE DOCID = #{docId, jdbcType=VARCHAR}
    </select>

    <select id="listAllowanceDetail" resultType="com.hikvision.it.expense.api.entity.allowance.AllowanceDetail">
        SELECT
            ID                                 id,
            USER_EMPID                         userId,
            to_char(SUBSIDYDATE, 'yyyy-mm-dd') allowanceDate,
            TIMEPART                           dateType,
            COUNTRY                            country,
            CITY                               city,
            ORDNO                              docNo,
            PROCESSID                          docId,
            ALLOWANCETYPE                      allowanceType,
            AMOUNT                             payAmount,
            CURRENCY                           currency,
            CURRENCY_AMOUNT                    allowanceAmount,
            DEDUCTIONAMOUNT                    deductionAmount,
            DEDUCTIONCURRENCY                  deductionCurrency,
            DEDUCTIONREASON                    deductionReason,
            RATE
        FROM HIKEPADM.Z_WEM_BUS_TRAVEL_SUBSIDY
        WHERE PROCESSID = #{docId, jdbcType=VARCHAR} AND ALLOWANCETYPE &lt;&gt; '011'
        ORDER BY SUBSIDYDATE, allowanceType
    </select>

    <select id="listRentAllowanceDetail" resultType="com.hikvision.it.expense.api.entity.allowance.AllowanceDetail">
        SELECT
            ID                                 id,
            USER_EMPID                         userId,
            to_char(SUBSIDYDATE, 'yyyy-mm-dd') allowanceDate,
            TIMEPART                           dateType,
            COUNTRY                            country,
            CITY                               city,
            ORDNO                              docNo,
            PROCESSID                          docId,
            ALLOWANCETYPE                      allowanceType,
            AMOUNT                             payAmount,
            CURRENCY                           currency,
            CURRENCY_AMOUNT                    allowanceAmount,
            DEDUCTIONAMOUNT                    deductionAmount,
            DEDUCTIONCURRENCY                  deductionCurrency,
            DEDUCTIONREASON                    deductionReason,
            RATE
        FROM HIKEPADM.Z_WEM_BUS_TRAVEL_SUBSIDY
        WHERE PROCESSID = #{docId, jdbcType=VARCHAR} AND ALLOWANCETYPE = '011'
    </select>

    <select id="listDistrictLevel" resultType="com.hikvision.it.expense.api.entity.base.District">
        SELECT
        DISTINCT
            COUNTRYID  countryId,
            CITYID     cityId,
            REGCLASSID cityLevel,
            SSGS       belongsBukrs
        FROM HIKEPADM.Z_WEM_BASIC_DISTRICT
        WHERE (CITYID IN
        <foreach collection="items" item="item" separator="," open="(" close=")">
            #{item, jdbcType=VARCHAR}
        </foreach>
        OR COUNTRYID IN
        <foreach collection="items" item="item" separator="," open="(" close=")">
            #{item, jdbcType=VARCHAR}
        </foreach>)
        AND sysdate BETWEEN STARTDATE AND ENDDATE

    </select>

    <update id="adjustAllowance" parameterType="com.hikvision.it.expense.api.entity.allowance.Allowance">
        UPDATE T_FORM_EXP_SUBSIDY
        SET
            FOOD_PAID    = #{foodPayAmount, jdbcType=NUMERIC},
            HARD_PAID    = #{hardPayAmount, jdbcType=NUMERIC},
            WEEKEND_PAID = #{holidayPayAmount, jdbcType=NUMERIC},
            LINE_PAID    = #{linePayAmount, jdbcType=NUMERIC},
            AM_PAID      = #{amPayAmount, jdbcType=NUMERIC},
            PM_PAID      = #{pmPayAmount, jdbcType=NUMERIC},
            RENT_PAID    = #{rentPayAmount, jdbcType=NUMERIC}
        WHERE
            ID = #{id, jdbcType=VARCHAR}
    </update>

</mapper>