<?xml version="1.0" encoding="UTF-8" ?>
<!DOCTYPE mapper
        PUBLIC "-//mybatis.org//DTD Mapper 3.0//EN"
        "http://mybatis.org/dtd/mybatis-3-mapper.dtd">
<mapper namespace="com.hikvision.it.expense.rpc.dao.task.ITaskDao">

    <resultMap type="com.hikvision.it.expense.api.entity.task.PendingForwardBean" id="PendingForward"></resultMap>
    <resultMap type="com.hikvision.it.expense.api.entity.user.User" id="User"></resultMap>
    <!-- 根据转入路径字段获取环节信息 -->
    <select id="getTaskObject" resultType="com.hikvision.it.expense.api.entity.task.TaskObject">
        SELECT
            t.pro_objectid AS processobjectid,
            t.taskname,
            t.nodetype,
            t.taskdesc,
            t.plugin,
            t.plugout,
            t.reject,
            t.interfaces,
            t.servicename,
            tt.can_show    AS canshow,
            tt.can_batch   AS canbatch,
            tt.can_jump    AS canjump,
            tt.can_moa     AS canmoa,
            tt.can_auto    AS canauto
        FROM hikepadm.t_bpm_task_object t
            LEFT JOIN hikepadm.t_bpm_task_name tt ON tt.taskname = t.taskname
        WHERE t.pro_objectid = #{processObjectId, jdbcType=VARCHAR}
              AND t.plugin = #{plugOut, jdbcType=VARCHAR}
    </select>

    <!-- 根据环节名称获取环节信息 -->
    <select id="getTaskObjectByName" resultType="com.hikvision.it.expense.api.entity.task.TaskObject">
        SELECT
            t.pro_objectid AS processobjectid,
            t.taskname,
            t.nodetype,
            t.taskdesc,
            t.plugin,
            t.plugout,
            t.reject,
            t.interfaces,
            t.servicename,
            tt.can_show    AS canshow,
            tt.can_batch   AS canbatch,
            tt.can_jump    AS canjump,
            tt.can_moa     AS canmoa,
            tt.can_auto    AS canauto
        FROM hikepadm.t_bpm_task_object t
            LEFT JOIN hikepadm.t_bpm_task_name tt ON tt.taskname = t.taskname
        WHERE t.pro_objectid = #{processObjectId, jdbcType=VARCHAR}
              AND t.taskname = #{taskName, jdbcType=VARCHAR}
    </select>

    <!-- 新增任务实例 -->
    <insert id="insertTaskInstance">
	<![CDATA[
        INSERT INTO hikepadm.t_bpm_task_instance
        (taskid, processid,
         taskname, nodetype,
         version_rd, completed_by,
         completed_by_name,
         result, ref_taskid,
         groupid, status,
         cr_time, cm_time,
         uptime, device)
        VALUES
            (#{task.taskId, jdbcType=VARCHAR},
                #{task.processId, jdbcType=VARCHAR},
                #{task.taskName, jdbcType=VARCHAR},
                #{task.nodeType, jdbcType=VARCHAR},
                #{task.versionRd, jdbcType=NUMERIC},
                #{task.completedBy, jdbcType=VARCHAR},
                #{task.completedByName, jdbcType=VARCHAR},
                #{task.result, jdbcType=VARCHAR},
                #{task.refTaskId, jdbcType=VARCHAR},
                #{task.groupId, jdbcType=VARCHAR},
                #{task.status, jdbcType=VARCHAR},
             #{task.crTime, jdbcType=NUMERIC},
             #{task.cmTime, jdbcType=NUMERIC},
             #{task.upTime, jdbcType=NUMERIC},
             #{task.device, jdbcType=VARCHAR})
        ]]>
	</insert>

    <select id="getTaskInstance" resultMap="taskInstance">
        SELECT
            ti.TASKID            taskId,
            ti.PROCESSID         processId,
            ti.TASKNAME          taskName,
            ti.NODETYPE          nodeType,
            ti.VERSION_RD        versionRd,
            ti.COMPLETED_BY      completedBy,
            ti.COMPLETED_BY_NAME completedByName,
            ti.RESULT            result,
            ti.SUGGEST           suggest,
            ti.RECEIVOR          receivor,
            ti.DEVICE            device,
            ti.REF_TASKID        refTaskId,
            ti.GROUPID           groupId,
            ti.STATUS            status,
            ti.IS_FLOW           isFlow,
            ti.IS_FROZEN         isFrozen,
            ti.CR_TIME           crTime,
            ti.CM_TIME           cmTime,
            ti.UPTIME            upTime,
            ti.BPM_TASK_ID       bpmTaskId
        FROM HIKEPADM.T_BPM_TASK_INSTANCE ti,
            HIKEPADM.T_BPM_TASK_INSTANCE_OWNER tio
        WHERE ti.TASKID = tio.TASKID
              AND ti.TASKID = #{taskId, jdbcType=VARCHAR}
              AND tio.USERID = #{userId, jdbcType=VARCHAR}
    </select>

    <select id="getCurrentTaskInstance" resultMap="taskInstance">
        SELECT
            ti.TASKID            taskId,
            ti.PROCESSID         processId,
            ti.TASKNAME          taskName,
            ti.NODETYPE          nodeType,
            ti.VERSION_RD        versionRd,
            ti.COMPLETED_BY      completedBy,
            ti.COMPLETED_BY_NAME completedByName,
            ti.RESULT            result,
            ti.SUGGEST           suggest,
            ti.RECEIVOR          receivor,
            ti.DEVICE            device,
            ti.REF_TASKID        refTaskId,
            ti.GROUPID           groupId,
            ti.STATUS            status,
            ti.IS_FLOW           isFlow,
            ti.IS_FROZEN         isFrozen,
            ti.CR_TIME           crTime,
            ti.CM_TIME           cmTime,
            ti.UPTIME            upTime,
            ti.BPM_TASK_ID       bpmTaskId
        FROM HIKEPADM.T_BPM_TASK_INSTANCE ti,
            HIKEPADM.T_BPM_TASK_INSTANCE_OWNER tio
        WHERE ti.TASKID = tio.TASKID
              AND ti.TASKID = #{taskId, jdbcType=VARCHAR}
              AND tio.USERID = #{userId, jdbcType=VARCHAR}
    </select>

    <!-- 新增任务所有人 -->
    <insert id="insertTaskOwners">
        insert into hikepadm.t_bpm_task_instance_owner(taskid, userid, username, authuser, authusername)
        (
        <foreach collection="owners" item="item" index="index" separator="union all">
            <![CDATA[
	        SELECT #{item.taskId,jdbcType=VARCHAR},
	        	   #{item.owner,jdbcType=VARCHAR},
	        	   #{item.ownerName,jdbcType=VARCHAR},
	        	   #{item.authUser,jdbcType=VARCHAR},
	        	   #{item.authUserName,jdbcType=VARCHAR} from dual
	        ]]>
        </foreach>
        )
    </insert>

    <!-- 更新任务审批状态 -->
    <update id="completeTask">
        <![CDATA[
		update hikepadm.t_bpm_task_instance t
		   set t.status = 'Y',
		   	   t.result = #{task.result, jdbcType=VARCHAR},
		   	   t.suggest = #{task.suggest, jdbcType=VARCHAR},
		   	   t.uptime = #{task.upTime, jdbcType=NUMERIC},
		   	   t.completed_by = #{task.completedBy, jdbcType=VARCHAR},
		   	   t.completed_by_name = #{task.completedByName, jdbcType=VARCHAR},
		   	   t.cm_time = #{task.cmTime, jdbcType=VARCHAR},
		   	   t.device = #{task.device, jdbcType=VARCHAR}
		 where t.taskid = #{task.taskId, jdbcType=VARCHAR}
		   and t.status = 'N'
	]]>
        <if test="task.nodeType != 'AUTO'">
            and exists (select 1
            from hikepadm.t_bpm_task_instance_owner o
            where o.taskid = t.taskid
            and o.userid = #{task.completedBy, jdbcType=VARCHAR})
        </if>
    </update>

    <!-- 转发任务-->
    <update id="forwardTask">
	<![CDATA[
        UPDATE hikepadm.t_bpm_task_instance t
        SET t.status            = 'Y',
            t.result            = 'FORWARD',
            t.suggest           = #{task.suggest, jdbcType=VARCHAR},
            t.receivor          = #{task.receivor, jdbcType=VARCHAR},
            t.uptime            = #{task.upTime, jdbcType=NUMERIC},
            t.completed_by      = #{task.completedBy, jdbcType=VARCHAR},
            t.completed_by_name = #{task.completedByName, jdbcType=VARCHAR},
            t.cm_time           = #{task.cmTime, jdbcType=VARCHAR},
            t.device            = #{task.device, jdbcType=VARCHAR}
        WHERE t.taskid = #{task.taskId, jdbcType=VARCHAR}
              AND t.status = 'N'
              AND exists(SELECT 1
                         FROM hikepadm.t_bpm_task_instance_owner o
                         WHERE o.taskid = t.taskid
                               AND o.userid = #{task.completedBy, jdbcType=VARCHAR})
        ]]>
	</update>

    <!-- 加签 -->
    <update id="addStep">
	<![CDATA[
        UPDATE hikepadm.t_bpm_task_instance t
        SET t.status            = 'Y',
            t.result            = 'ADDSTEP',
            t.suggest           = #{task.suggest, jdbcType=VARCHAR},
            t.receivor          = #{task.receivor, jdbcType=VARCHAR},
            t.uptime            = #{task.upTime, jdbcType=NUMERIC},
            t.completed_by      = #{task.completedBy, jdbcType=VARCHAR},
            t.completed_by_name = #{task.completedByName, jdbcType=VARCHAR},
            t.cm_time           = #{task.cmTime, jdbcType=VARCHAR},
            t.device            = #{task.device, jdbcType=VARCHAR}
        WHERE t.taskid = #{task.taskId, jdbcType=VARCHAR}
              AND t.status = 'N'
              AND exists(SELECT 1
                         FROM hikepadm.t_bpm_task_instance_owner o
                         WHERE o.taskid = t.taskid
                               AND o.userid = #{task.completedBy, jdbcType=VARCHAR})
        ]]>
	</update>

    <!-- 更新任务流转状态 -->
    <update id="flowTask">
		<![CDATA[
        UPDATE hikepadm.t_bpm_task_instance t
        SET t.is_flow = 'Y',
            t.status  = 'Y',
            t.uptime  = #{task.upTime, jdbcType=NUMERIC}
        WHERE t.taskid = #{task.taskId, jdbcType=VARCHAR}
              AND t.is_flow = 'N'
        ]]>
	</update>

    <!-- 获取审批完成后任务环节服务配置信息 -->
    <resultMap type="com.hikvision.it.expense.api.entity.task.TaskConfig" id="taskConfig"></resultMap>
    <select id="afterApproveTaskConfig" resultMap="taskConfig">
		<![CDATA[
        SELECT
            pro_objectid processobjectid,
            taskname,
            msgtype,
            servicename
        FROM t_bpm_task_cfg
        WHERE pro_objectid = #{processObjectId, jdbcType=VARCHAR}
              AND taskname = #{taskName, jdbcType=VARCHAR}
              AND cr_send = 'N'
        ORDER BY rn
        ]]>
	</select>

    <!-- 获取审批完成后任务环节服务配置信息 -->
    <select id="beforeApproveTaskConfig" resultMap="taskConfig">
		<![CDATA[
        SELECT
            pro_objectid processobjectid,
            taskname,
            msgtype,
            servicename
        FROM t_bpm_task_cfg
        WHERE pro_objectid = #{processObjectId, jdbcType=VARCHAR}
              AND taskname = #{taskName, jdbcType=VARCHAR}
              AND cr_send = 'Y'
        ORDER BY rn
        ]]>
	</select>

    <!-- 获取当前回合所有删除的任务 -->
    <resultMap type="com.hikvision.it.expense.api.entity.task.TaskInstance" id="taskInstance"></resultMap>
    <select id="listDeletedTasks" resultMap="taskInstance">
		<![CDATA[
        SELECT
            t.taskid,
            t.processid,
            t.taskname,
            t.nodetype,
            t.version_rd versionrd
        FROM hikepadm.t_bpm_task_instance t
            INNER JOIN hikepadm.t_bpm_process_instance p
                ON p.processid = t.processid
                   AND p.version_rd = t.version_rd
        WHERE t.processid = #{processId, jdbcType=VARCHAR}
              AND t.result = 'DELETE'
        ]]>
	</select>

    <!-- 统计组任务中未完成的任务数 -->
    <select id="countUnFlowedGroupTaskNumber" resultType="java.lang.Integer">
	<![CDATA[
        SELECT count(1)
        FROM hikepadm.t_bpm_task_instance t
        WHERE t.processid = #{processId, jdbcType=VARCHAR}
              AND t.status = 'N'
              AND t.groupid = (SELECT groupid
                               FROM hikepadm.t_bpm_task_instance ti
                               WHERE ti.taskid = #{taskId, jdbcType=VARCHAR}
                                     AND t.groupid = ti.groupid)
        ]]>
	</select>

    <!-- 获取原始任务信息 -->
    <select id="getParentTask" resultType="com.hikvision.it.expense.api.entity.task.TaskInstance">
	<![CDATA[
        SELECT
            t.processid,
            t.taskname,
            t.nodetype,
            t.version_rd        versionRd,
            t.completed_by      completedBy,
            t.completed_by_name completedByName
        FROM hikepadm.t_bpm_task_instance t
        WHERE t.ref_taskid IS NULL
        START WITH t.taskid = #{taskId, jdbcType=VARCHAR}
        CONNECT BY PRIOR t.ref_taskid = t.taskid
        ]]>
	</select>

    <select id="getTaskOwnersByDocId" resultType="java.lang.String">
        SELECT DISTINCT userid
        FROM t_bpm_task_instance_owner tio
        WHERE taskid IN
              (SELECT taskid
               FROM t_bpm_task_instance ti
               WHERE ti.nodetype in ('MANU', 'LOOP')
                     AND exists
                     (SELECT 1
                      FROM t_bpm_process_instance pi
                      WHERE pi.docid = #{docId, jdbcType=VARCHAR}
                            AND pi.processid = ti.processid))
    </select>

    <!--待办转发相关sql开始-->
    <!--通过用户关键信息查询该员工下面的所有待办信息-->
    <select id="getPendingByUserName" resultMap="PendingForward">
        SELECT
            fm.applyid                                                                                         id,
            fm.applyid,
            fm.claimuser,
            fm.claimusername,
            fm.subdate,
            to_char(h.Cr_Time / (1000 * 60 * 60 * 24) + TO_DATE('1970-01-01 08:00:00', 'YYYY-MM-DD HH:MI:SS'),
                    'yyyy-mm-dd hh24:mi:ss')                                                                   createtime,
            fm.AMTCLAIM,
            fm.cur_credit                                                                                      curCredit,
            trunc(sysdate -
                  (h.Cr_Time / (1000 * 60 * 60 * 24) + TO_DATE('1970-01-01 08:00:00', 'YYYY-MM-DD HH:MI:SS'))) zlts,
            fm.processid                                                                                       docid,
            p.processid,
            tow.taskid
        FROM hikepadm.z_wem_bus_flow fm
            INNER JOIN z_wem_basic_person_info person ON fm.claimuser = person.user_empid
            INNER JOIN hikepadm.t_bpm_process_instance p ON p.docid = fm.processid
            INNER JOIN hikepadm.t_bpm_task_instance h
                ON h.processid = p.processid AND h.status = 'N' AND h.is_frozen = 'N'
            INNER JOIN t_bpm_task_instance_owner tow ON tow.taskid = h.taskid
            INNER JOIN z_wem_basic_person_info pp ON tow.userid = pp.user_empid
            INNER JOIN hikepadm.t_bpm_task_name r ON r.taskname = h.taskname AND r.can_show = 'Y'
        WHERE tow.taskid = h.taskid AND (upper(pp.user_empid) = upper(#{userIdOrName, jdbcType=VARCHAR}) OR
                                         upper(pp.user_shortname) = upper(#{userIdOrName, jdbcType=VARCHAR}))

    </select>


    <!--单号批量查询所有待办信息-->
    <select id="getPendingByApplyIds" resultMap="PendingForward">
        select fm.applyid id,fm.applyid,fm.claimuser,fm.claimusername,fm.subdate,
        to_char(h.Cr_Time / (1000 * 60 * 60 * 24) + TO_DATE('1970-01-01 08:00:00', 'YYYY-MM-DD HH:MI:SS'),'yyyy-mm-dd
        hh24:mi:ss') createtime,
        fm.AMTCLAIM,fm.cur_credit curCredit,trunc(sysdate-(h.Cr_Time / (1000 * 60 * 60 * 24) + TO_DATE('1970-01-01
        08:00:00', 'YYYY-MM-DD HH:MI:SS'))) zlts,
        fm.processid docid,p.processid,tow.taskid
        from hikepadm.z_wem_bus_flow fm
        inner join z_wem_basic_person_info person on fm.claimuser = person.user_empid
        inner join hikepadm.t_bpm_process_instance p on p.docid = fm.processid
        inner join hikepadm.t_bpm_task_instance h on h.processid = p.processid and h.status = 'N' and h.is_frozen = 'N'
        inner join t_bpm_task_instance_owner tow on tow.taskid = h.taskid
        inner join z_wem_basic_person_info pp on tow.userid = pp.user_empid
        inner join hikepadm.t_bpm_task_name r on r.taskname = h.taskname and r.can_show = 'Y'
        where
        FM.APPLYID IN

        <foreach collection="applyIds" item="item" index="index" open="(" close=")" separator=",">
            <![CDATA[
		   #{item, jdbcType=VARCHAR}
		]]>
        </foreach>

    </select>
    <!--替换主流程中当前审批人的姓名-->


    <update id="updateOperatorInfo">

        update t_bpm_process_instance p set p.operators =#{username, jdbcType=VARCHAR}, UPTIME =
        #{uptime, jdbcType=VARCHAR} where p.processid in
        <foreach collection="processIds" item="item" index="index" open="(" close=")" separator=",">
            <![CDATA[
		   #{item, jdbcType=VARCHAR}
		]]>
        </foreach>
    </update>
    <!--修改当前审批人数据-->
    <update id="updateOwnerInfo">
        update t_bpm_task_instance_owner tow set tow.userid = #{userid, jdbcType=VARCHAR} ,tow.username
        =#{username, jdbcType=VARCHAR} where tow.taskid in
        <foreach collection="taskIds" item="item" index="index" open="(" close=")" separator=",">
            <![CDATA[
		   #{item, jdbcType=VARCHAR}
		]]>
        </foreach>
    </update>

    <!--查询可转发人员-->
    <select id="getSelectUser" resultMap="PendingForward">
		<![CDATA[
        SELECT
            p.user_empid      ID,
            p.user_unque_name TEXT
        FROM
            hikepadm.z_wem_basic_person_info p
        WHERE
            regexp_like(p.user_shortname || p.user_name || p.user_unque_name, #{searchText, jdbcType=VARCHAR}, 'i')
            AND ROWNUM < 10
        ORDER BY USER_EMPID
        ]]>
	</select>
    <select id="getUserByUserId" resultMap="User">
        SELECT
            info.user_htssgs,
            info.user_empid userid,
            info.user_shortname,
            (CASE
             WHEN pn.username IS NOT NULL
                 THEN
                     pn.username
             WHEN info.user_unque_name IS NOT NULL
                 THEN
                     info.user_unque_name
             ELSE
                 info.user_name
             END)           username,
            info.nationcode,
            info.sapaccount,
            info.user_inmail,
            info.language,
            info.user_gender,
            info.pergradeid,
            info.user_deptcode,
            dn.deptname,
            dn.deptpath,
            dn.deptcodepath,
            cn.companyname,
            comp.currency
        FROM
            z_wem_basic_person_info info
            LEFT JOIN z_wem_basic_company_info comp ON
                                                        (comp.companycode =
                                                         info.user_htssgs)
            LEFT JOIN
            z_wem_basic_comp_national cn ON (info.user_htssgs =
                                             cn.companycode
                                             AND
                                             cn.lang = #{language,jdbcType=CHAR})
            LEFT JOIN
            z_wem_basic_department_info dn ON (info.user_deptcode =
                                               dn.deptcode)
            LEFT JOIN z_wem_basic_per_national pn ON (info.user_empid = pn.userid
                                                      AND pn.lang = #{language,jdbcType=CHAR})
        WHERE upper(info.user_empid) =
              #{userId, jdbcType=VARCHAR}
    </select>
    <!--待办转发相关sql结束-->

    <!-- 获取待审批任务列表 -->
    <resultMap id="todoInfo" type="com.hikvision.it.expense.api.entity.task.TodoInfo"></resultMap>
    <select id="getTasksToApprove" resultMap="todoInfo">
    select *
      from (select ti.taskid,
                   ti.taskname,
                   tn.taskdesc,
                   f.processid     as docid,
                   f.applyid       as docno,
                   f.processcode   as doctype,
                   f.processname   as doctypename,
                   f.category      as expensetype,
                   f.claimusername as username,
                   f.docstatus,
                   f.docstatusname,
                   f.amtclaim      amount,
                   f.currency,
                   ti.cr_time      as crtime,
                   to_char(f.subdate, 'yyyy-mm-dd') as submitDate,
                   ft.exp_remark   as remark
              from hikepadm.t_bpm_task_instance ti
             inner join hikepadm.t_bpm_task_name tn
                on tn.taskname = ti.taskname
               and tn.can_show = 'Y'
               and tn.can_moa = 'Y'
             inner join hikepadm.t_bpm_process_instance pi
                on pi.processid = ti.processid
             inner join hikepadm.z_wem_bus_flow f
                on f.processid = pi.docid
               and f.docstatus in ('S002', 'S003', 'S005')
              left join hikepadm.z_wem_bus_flow_txt ft
                on ft.processid = f.processid
             where ti.status = 'N'
               and ti.nodetype in ('MANU', 'LOOP')
               and exists (select 1
                      from hikepadm.t_bpm_task_instance_owner o
                     where o.taskid = ti.taskid
                       and o.userid = #{userId, jdbcType=VARCHAR})
            union all
            select to_char(u.task_instanceid) as taskid,
                   to_char(ti.task_objectid) as taskname,
                   u.task_displayname as taskdesc,
                   to_char(l.process_instanceid) as docid,
                   l.business_id as docno,
                   l.process_objectid as doctype,
                   l.process_displayname as doctypename,
                   null as expensetype,
                   l.username,
                   l.docstatus,
                   l.docstatusdesc as docstatusname,
                   l.docamt as amount,
                   l.currency,
                   TO_NUMBER(cast(u.task_created_on as date) -
                             TO_DATE('1970-01-01 8:0:0', 'YYYY-MM-DD HH24:MI:SS')) * 24 * 60 * 60 * 1000 as crtime,
                   to_char(l.create_on, 'yyyy-mm-dd') as submitDate,
                   l.remark
              from wemext.t_bpm_uwl u
             inner join wemext.t_bpm_task_instance ti
                on ti.task_instanceid = u.task_instanceid
             inner join wemext.t_bpm_task_object ob
                on ob.task_objectid = ti.task_objectid and ob.mobile_flag = 'Y'
             inner join wemext.t_form_process_list l
                on l.process_instanceid = to_char(u.process_instanceid)
             where exists (select 1
                      from wemext.t_ume_employee e
                     inner join hikepadm.z_wem_basic_person_info p
                        on p.user_shortname = e.logon_id
                       and p.user_empid = #{userId, jdbcType=VARCHAR}
                     where e.unique_id = u.owner)
               and u.state = 'N')
     order by crtime desc
    </select>

    <select id="getApprovedTasks" resultMap="todoInfo">
    select *
  from (with tmp as (select *
                       from (select p.process_instanceid as docid,
                                    p.business_id as docno,
                                    p.process_objectid as doctype,
                                    p.process_displayname as doctypename,
                                    null as expensetype,
                                    p.username,
                                    p.docstatus,
                                    p.docstatusdesc as docstatusname,
                                    p.docamt as amount,
                                    p.currency,
                                    p.operator operators,
                                    TO_NUMBER(cast(ti.completed_on as date) -
                                              TO_DATE('1970-01-01 8:0:0',
                                                      'YYYY-MM-DD HH24:MI:SS')) * 24 * 60 * 60 * 1000 as cmtime,
                                    to_char(p.create_on, 'yyyy-mm-dd') as submitDate,
                                    p.remark
                               from wemext.t_bpm_task_instance ti
                              inner join wemext.t_bpm_processi_instance pin
                                 on pin.process_instanceid =
                                    ti.process_instanceid
                                and pin.submit_round = ti.submit_round
                              inner join wemext.t_form_process_list p
                                 on p.process_instanceid =
                                    to_char(ti.process_instanceid)
                                and p.docstatus in ('S002',
                                                    'S003',
                                                    'S005',
                                                    'S004',
                                                    'S100',
                                                    'S006')
                              where exists
                              (select 1
                                       from wemext.t_ume_employee e
                                      inner join hikepadm.z_wem_basic_person_info pi
                                         on pi.user_shortname = e.logon_id
                                        and pi.user_empid = #{userId, jdbcType=VARCHAR}
                                      where e.unique_id = ti.completed_by)
                             union all
                             select f.processid     as docid,
                                    f.applyid       as docno,
                                    f.processcode   as doctype,
                                    f.processname   as doctypename,
                                    f.category      as expensetype,
                                    f.claimusername as username,
                                    f.docstatus,
                                    f.docstatusname,
                                    f.amtclaim      amount,
                                    f.currency,
                                    pi.operators,
                                    ti.cm_time      as cmtime,
                                    to_char(f.subdate, 'yyyy-mm-dd') as submitDate,
                                    ft.exp_remark   as remark
                               from hikepadm.t_bpm_task_instance ti
                              inner join hikepadm.t_bpm_process_instance pi
                                 on pi.processid = ti.processid
                                and pi.version_rd = ti.version_rd
                              inner join hikepadm.z_wem_bus_flow f
                                 on f.processid = pi.docid
                                and f.docstatus in
                                    ('S002', 'S003', 'S005', 'S004', 'S006')
                               left join hikepadm.z_wem_bus_flow_txt ft
                                 on ft.processid = f.processid
                              where ti.completed_by = #{userId, jdbcType=VARCHAR})
                       order by cmtime desc)
        SELECT t.*, rownum AS rn
        FROM tmp t
        WHERE rownum &lt;= #{pageNumber, jdbcType=NUMERIC} * #{pageSize, jdbcType=NUMERIC}) r
        WHERE r.rn &gt; (#{pageNumber, jdbcType=NUMERIC} - 1) * #{pageSize, jdbcType=NUMERIC}
        order by r.rn
    </select>
</mapper>