<?xml version="1.0" encoding="UTF-8" ?>
<!DOCTYPE mapper
 PUBLIC "-//mybatis.org//DTD Mapper 3.0//EN"
"http://mybatis.org/dtd/mybatis-3-mapper.dtd">
<mapper namespace="com.hikvision.it.expense.rpc.dao.trip.ITripDao">
	<!-- 软删除差旅行程信息 -->
	<update id="softDelTrips">
	<![CDATA[
	update hikepadm.z_wem_bus_travel_apply_detail t
	   set t.flag = 'X',
	       t.modifytime = sysdate
	 where t.processid = #{docId, jdbcType=VARCHAR}
	   and t.flag = 'D'
	]]>
	</update>
	
	<!-- 删除同行人信息 -->
	<update id="delTripTogethers">
	<![CDATA[
	delete from hikepadm.z_wem_bus_traveluser t
	 where t.processid = #{docId, jdbcType=VARCHAR}
	]]>
	</update>
	
	<!-- 删除每一天的差旅行程信息 -->
	<delete id="delTripDays">
	<![CDATA[
	delete from hikepadm.t_form_trip_days t
	 where t.docid = #{docId, jdbcType=VARCHAR}
	]]>
	</delete>
	
	<!-- 新增行程信息 -->
	<insert id="insertTrips">
	insert into hikepadm.z_wem_bus_travel_apply_detail
		  (id,
		   processid,
		   travelapplyno,
		   seqno,
		   startdate,
		   startcountry,
		   placefrom,
		   placefromdesc,
		   enddate,
		   endcountry,
		   placeto,
		   placetodesc,
		   vehicle,
		   vehiclelevel,
		   tooldesc,
		   modifytime
		)
  		(
  		<foreach collection="trips" item="trip" index="index" separator="union all">
			<![CDATA[
	        SELECT #{trip.id,jdbcType=VARCHAR},
	        	   #{docId,jdbcType=VARCHAR},
	        	   #{docNo,jdbcType=VARCHAR},
	        	   #{trip.rn,jdbcType=NUMERIC},
	        	   to_date(#{trip.fromDate,jdbcType=VARCHAR}, 'yyyy-mm-dd'),
	        	   #{trip.countryFrom,jdbcType=VARCHAR},
	        	   #{trip.placeFrom,jdbcType=VARCHAR},
	        	   #{trip.fromDesc,jdbcType=VARCHAR},
	        	   to_date(#{trip.toDate,jdbcType=VARCHAR}, 'yyyy-mm-dd'),
	        	   #{trip.countryTo,jdbcType=VARCHAR},
	        	   #{trip.placeTo,jdbcType=VARCHAR},
	        	   #{trip.toDesc,jdbcType=VARCHAR},
	        	   #{trip.toolType,jdbcType=VARCHAR},
	        	   #{trip.toolLevel,jdbcType=VARCHAR},
	        	   #{trip.toolDesc,jdbcType=VARCHAR},
	        	   sysdate from dual
	        ]]>
		</foreach>
  		)
	</insert>
	
	<!-- 新增同行人信息 -->
	<insert id="insertTripTogethers">
	insert into hikepadm.z_wem_bus_traveluser
		  (processid,
		   rn,
		   user_empid,
		   username,
		   deptpath,
		   crdate
	)
		  (
		  <foreach collection="tripTogethers" item="item" index="index" separator="union all">
		  <![CDATA[
	        SELECT #{docId,jdbcType=VARCHAR},
	        	   #{item.rn,jdbcType=NUMERIC},
	        	   #{item.userId,jdbcType=VARCHAR},
	        	   #{item.userName,jdbcType=VARCHAR},
	        	   #{item.deptPath,jdbcType=VARCHAR},
	        	   sysdate from dual
		  ]]>
		  </foreach>
		  )
	</insert>
	
	<!-- 获取单据行程信息 -->
	<resultMap type="com.hikvision.it.expense.api.entity.trip.Trip" id="trip"></resultMap>
	<select id="getTrips" resultMap="trip">
	<![CDATA[
	select t.ID,
	       t.seqno rn,
	       to_char(t.startdate, 'yyyy-mm-dd') fromdate,
	       startcountry countryfrom,
	       placefrom,
	       cf.citydesc || ' - ' || cf.countrydesc fromdesc,
	       to_char(t.enddate, 'yyyy-mm-dd') todate,
	       endcountry countryto,
	       placeto,
	       ct.citydesc || ' - ' || ct.countrydesc todesc,
	       vehicle tooltype,
	       vehiclelevel toollevel,
	       tt.uptooldesc || ' - ' ||tt.tooldesc tooldesc
	  from hikepadm.z_wem_bus_travel_apply_detail t
	  left join hikepadm.z_wem_basic_city_country cf
	    on cf.cityid = t.placefrom
	   and cf.language = #{language,jdbcType=VARCHAR}
	  left join hikepadm.z_wem_basic_city_country ct
	    on ct.cityid = t.placeto
	   and ct.language = #{language,jdbcType=VARCHAR}
	  left join hikepadm.t_mdm_traffic_tool tt
	    on tt.tooltype = 'LONGTRIP'
	   and t.vehiclelevel = tt.toolcode
	   and tt.language = #{language,jdbcType=VARCHAR}
	 where t.processid = #{docId,jdbcType=VARCHAR}
	   and t.flag = 'D'
	 order by t.seqno
	]]>
	</select>
	
	<!-- 获取单据同行人信息 -->
	<resultMap type="com.hikvision.it.expense.api.entity.trip.TripTogether" id="tripTogether"></resultMap>
	<select id="getTripTogethers" resultMap="tripTogether">
	<![CDATA[
	select rn,
	       t.user_empid userid,
	       (case
	         when p.user_unque_name is not null then
	          p.user_unque_name
	         else
	          p.user_name
	       end) username,
	       d.deptcode,
	       d.deptpath
	  from hikepadm.z_wem_bus_traveluser t
	  left join hikepadm.z_wem_basic_person_info p
	    on p.user_empid = t.user_empid
	  left join hikepadm.z_wem_basic_department_info d
	    on d.deptcode = p.user_deptcode
	 where t.processid = #{docId, jdbcType=VARCHAR}
	]]>
	</select>
	
	<resultMap type="com.hikvision.it.expense.api.entity.trip.TripDuplicated" id="tripDup"></resultMap>
	<!-- 行程交叉校验逻辑 -->
	<select id="getDuplicateTrip" resultMap="tripDup">
	<![CDATA[
	select f.applyid docno,
	       f.claimusername username,
	       to_char(f.fromdate, 'yyyy-mm-dd') fromdate,
	       to_char(f.todate, 'yyyy-mm-dd') todate
	  from z_wem_bus_flow f
	 where f.claimuser in (
	 ]]>
	 
	 <foreach collection="allTripEmployees" item="employee" separator="union all">
	 	SELECT #{employee, jdbcType=VARCHAR} from dual
	 </foreach>
	 
	 <![CDATA[
	 )
	   and f.tflag in ('D', 'YBX')
   	   and f.processcode in ('WEM001', 'WEM002')
	   and f.docstatus in ('S002', 'S003', 'S004')
   	   and f.fromdate < f.todate
   	   and f.processid <> #{docId, jdbcType=VARCHAR}
	   and ((to_date(#{fromDate, jdbcType=VARCHAR}, 'yyyy-mm-dd') = to_date(#{toDate, jdbcType=VARCHAR}, 'yyyy-mm-dd') and
	         f.fromdate < to_date(#{fromDate, jdbcType=VARCHAR}, 'yyyy-mm-dd') and 
	         f.todate > to_date(#{toDate, jdbcType=VARCHAR}, 'yyyy-mm-dd')
	        )
	       or 
	       (to_date(#{toDate, jdbcType=VARCHAR}, 'yyyy-mm-dd') > to_date(#{fromDate, jdbcType=VARCHAR}, 'yyyy-mm-dd') and
	        (
	         (f.fromdate <= to_date(#{fromDate, jdbcType=VARCHAR}, 'yyyy-mm-dd') and f.todate >  to_date(#{fromDate, jdbcType=VARCHAR}, 'yyyy-mm-dd')) or
	         (f.fromdate <  to_date(#{toDate, jdbcType=VARCHAR}, 'yyyy-mm-dd') and f.todate >= to_date(#{toDate, jdbcType=VARCHAR}, 'yyyy-mm-dd')) or
	         (f.fromdate >= to_date(#{fromDate, jdbcType=VARCHAR}, 'yyyy-mm-dd') and f.todate <= to_date(#{toDate, jdbcType=VARCHAR}, 'yyyy-mm-dd'))
	        )
	       ))
	]]>
	</select>
	
	<resultMap type="com.hikvision.it.expense.api.entity.form.NationalTrip" id="nationalTrip"></resultMap>
	<!-- 获取配置国家的海外差旅行程 -->
	<select id="listConfigNationalTrips" resultMap="nationalTrip">
	<![CDATA[
	select f.applyid docno,
	       f.processid docid,
	       f.subdate,
	       f.claimuser userid,
	       nvl(na.username, cp.user_shortname) username,
	       d.startdate,
	       d.startcountry countryfrom,
	       st.countrydesc countryfromdesc,
	       st.citydesc cityfromdesc,
	       d.enddate,
	       d.endcountry countryto,
	       ed.countrydesc countrytodesc,
	       ed.citydesc citytodesc,
	       p.user_inmail directMail,
	       f.processcode,
	       '' procedue,
	       '' processresult,
	       '' suggestion
	  from hikepadm.z_wem_bus_flow f
	 inner join hikepadm.z_wem_bus_travel_apply_detail d
	    on d.processid = f.processid
	 inner join hikepadm.z_wem_basic_person_info cp
	    on f.claimuser = cp.user_empid
	 inner join hikepadm.t_cfg_area_dept_ref dr
	    on (dr.nation_code = d.startcountry or dr.nation_code = d.endcountry)
	 inner join hikepadm.z_wem_basic_department_info dept
	    on dr.deptcode_path = dept.deptcodepath
	 inner join hikepadm.z_wem_basic_person_info p
	    on dept.deptmanager = p.user_unque_name
	   and p.user_state in ('0', '1', '2')
	  left join hikepadm.z_wem_basic_city_country st
	    on st.cityid = d.placefrom
	   and st.language = 'EN'
	  left join hikepadm.z_wem_basic_city_country ed
	    on ed.cityid = d.placeto
	   and ed.language = 'EN'
	  left join hikepadm.z_wem_basic_per_national na
	    on f.claimuser = na.userid
	   and na.lang = 'EN'
	 where f.processid = #{docId, jdbcType=VARCHAR}
	   and f.docstatus = 'S004'
	   and f.processcode in ('WEM001', 'WEM002')
	   and f.subdate > to_date('2016-11-01', 'yyyy-mm-dd hh24:mi:ss')
	union all
	select f.applyid docno,
	       f.processid docid,
	       f.subdate,
	       f.claimuser userid,
	       nvl(na.username, cp.user_shortname) username,
	       sd.startdate,
	       sd.startplcn countryfrom,
	       st.countrydesc countryfromdesc,
	       st.citydesc cityfromdesc,
	       sd.enddate,
	       sd.endplcn countryto,
	       ed.countrydesc countrytodesc,
	       ed.citydesc citytodesc,
	       p.user_inmail directMail,
	       f.processcode,
	       to_char(tr.procedue),
	       to_char(tr.processresult),
	       to_char(tr.suggestion)
	  from hikepadm.z_wem_bus_flow f
	 inner join hikepadm.z_wem_bus_travel_stays_detail sd
	    on f.processid = sd.processid
	   and sd.feetype = 'CTJT'
	 inner join hikepadm.t_cfg_area_dept_ref dr
	    on (dr.nation_code = sd.startplcn or dr.nation_code = sd.endplcn)
	 inner join hikepadm.z_wem_basic_department_info dept
	    on dr.deptcode_path = dept.deptcodepath
	 inner join hikepadm.z_wem_basic_person_info cp
	    on f.claimuser = cp.user_empid
	  left join hikepadm.z_wem_bus_travel_report tr
	    on f.processid = tr.processid
	  left join hikepadm.z_wem_basic_person_info p
	    on dept.deptmanager = p.user_unque_name
	   and p.user_state in ('0', '1')
	  left join hikepadm.z_wem_basic_city_country st
	    on st.cityid = sd.startplct
	   and st.language = 'EN'
	  left join hikepadm.z_wem_basic_city_country ed
	    on ed.cityid = sd.endplct
	   and ed.language = 'EN'
	  left join hikepadm.z_wem_basic_per_national na
	    on f.claimuser = na.userid
	   and na.lang = 'EN'
	 where f.processid = #{docId, jdbcType=VARCHAR}
	   and f.docstatus = 'S004'
	   and f.processcode in ('WEM010')
	   and f.subdate > to_date('2016-11-01', 'yyyy-mm-dd hh24:mi:ss')
	]]>
	</select>
	
	<!-- 根据申请单号，删除行程段信息 -->
	<delete id="deleteTripLineByDocNo">
	<![CDATA[
	delete from hikepadm.t_form_trip_line t where t.docno = #{docNo, jdbcType=VARCHAR}
	]]>
	</delete>
	
	<!-- 根据申请单号删除每天的行程明细 -->
	<delete id="deleteTripDayByDocNo">
	<![CDATA[
	delete from hikepadm.t_form_trip_days t where t.docno = #{docNo, jdbcType=VARCHAR}
	]]>
	</delete>
	
	<!-- 新增行程段信息 -->
	<insert id="insertTripLine">
	insert into hikepadm.t_form_trip_line
		  (id,
		   docid,
		   docno,
		   userid,
		   username,
		   fromdate,
		   todate,
		   subsidyfrom,
		   subsidyto,
		   tripcountry,
		   tripcity,
		   tripcitydesc,
		   days,
		   placegrade
		  )
		  (
		  <foreach collection="tripLines" item="item" index="index" separator="union all">
		  <![CDATA[
	        select #{item.id,jdbcType=VARCHAR},
	        	   #{item.docId,jdbcType=VARCHAR},
	        	   #{item.docNo,jdbcType=VARCHAR},
	        	   #{item.userId,jdbcType=VARCHAR},
	        	   #{item.userName,jdbcType=VARCHAR},
	        	   #{item.fromDate,jdbcType=DATE},
	        	   #{item.toDate,jdbcType=DATE},
	        	   #{item.subsidyFrom,jdbcType=DATE},
	        	   #{item.subsidyTo,jdbcType=DATE},
	        	   #{item.tripCountry,jdbcType=VARCHAR},
	        	   #{item.tripCity,jdbcType=VARCHAR},
	        	   #{item.tripCityDesc,jdbcType=VARCHAR},
	        	   #{item.days,jdbcType=INTEGER},
	        	   (select d.regclassid
					  from hikepadm.z_wem_basic_district d
					 where (case
					         when #{item.tripCountry,jdbcType=VARCHAR} = 'CN' then
					          #{item.tripCity,jdbcType=VARCHAR}
					         else
					          #{item.tripCountry,jdbcType=VARCHAR}
					       end) = d.cityid
					   and d.startdate <= sysdate
					   and d.enddate >= sysdate) from dual
		  ]]>
		  </foreach>
		  )
	</insert>
	
	<!-- 新增每天差旅明细信息 -->
	<insert id="insertTripDays">
	insert into hikepadm.t_form_trip_days
		  (id,
		   docid,
		   docno,
		   userid,
		   username,
		   tripdate,
		   tripcountry,
		   tripcity,
		   tripcitydesc
		  )
		  (
		  <foreach collection="tripDays" item="item" index="index" separator="union all">
		  <![CDATA[
	        select #{item.id,jdbcType=VARCHAR},
	        	   #{item.docId,jdbcType=VARCHAR},
	        	   #{item.docNo,jdbcType=VARCHAR},
	        	   #{item.userId,jdbcType=VARCHAR},
	        	   #{item.userName,jdbcType=VARCHAR},
	        	   #{item.tripDate,jdbcType=DATE},
	        	   #{item.tripCountry,jdbcType=VARCHAR},
	        	   #{item.tripCity,jdbcType=VARCHAR},
	        	   #{item.tripCityDesc,jdbcType=VARCHAR} from dual
		  ]]>
		  </foreach>
		  )
	</insert>
	
	<!-- 新增员工差旅城市信息 -->
	<insert id="insertUserTripCity">
	insert into hikepadm.t_cfg_user_trip_city
		  (id,
		   userid,
		   username,
		   country,
		   city,
		   citydesc,
		   uptime
		  )
		  (select * from (
		  <foreach collection="tripCitys" item="item" index="index" separator="union all">
		  <![CDATA[
	        select #{item.id,jdbcType=VARCHAR} as id,
	        	   #{item.userId,jdbcType=VARCHAR} as userid,
	        	   #{item.userName,jdbcType=VARCHAR} as username,
	        	   #{item.tripCountry,jdbcType=VARCHAR} as tripcountry,
	        	   #{item.tripCity,jdbcType=VARCHAR} as tripcity,
	        	   #{item.tripCityDesc,jdbcType=VARCHAR} as tripcitydesc,
	        	   #{item.upTime,jdbcType=NUMERIC} as uptime from dual
		  ]]>
		  </foreach>
		   ) a
    where not exists (select 1
             from hikepadm.t_cfg_user_trip_city c
            where c.userid = a.userid
              and c.city = a.tripcity))
	</insert>
	
	<!-- 删除最近20个去过的城市之外的差旅城市记录 -->
	<delete id="deleteTripCityOutOfLatest20s">
	<![CDATA[
	delete from hikepadm.t_cfg_user_trip_city tc
	 where tc.userid = #{userId,jdbcType=VARCHAR}
	   and tc.id not in (
	                     select *
	                       from (select t.id
	                                from hikepadm.t_cfg_user_trip_city t
	                               where t.userid = #{userId,jdbcType=VARCHAR}
	                               order by t.uptime desc)
	                      where rownum <= 20)
	]]>
	</delete>
	
	<resultMap type="com.hikvision.it.expense.api.entity.trip.TripLine" id="tripLine"></resultMap>
	<!-- 根据申请单获取行程段信息 -->
	<select id="listTripLine" resultMap="tripLine">
	select * 
	  from hikepadm.t_form_trip_line t 
	 where t.docid = #{docId,jdbcType=VARCHAR}
	</select>

	<!-- 差旅报告 -->
    <insert id="insertTravelReport">
    INSERT INTO HIKEPADM.Z_WEM_BUS_TRAVEL_REPORT (
        REPORTNO,
        CONTENTID,
        PROCESSID,
        PROCEDUE,
        PROCESSRESULT,
        SUGGESTION,
        CREATEDATE,
        CREATEUSERID
    ) VALUES (
        sys_guid(),
        sys_guid(),
        #{docId, jdbcType=VARCHAR},
        #{procedure, jdbcType=VARCHAR},
        #{result, jdbcType=VARCHAR},
        #{suggestion, jdbcType=VARCHAR},
        sysdate,
        #{userId, jdbcType=VARCHAR}
    )
    </insert>
    <select id="getTravelReport" resultType="com.hikvision.it.expense.api.entity.trip.TravelReport">
        SELECT
            PROCESSID docId,
            PROCEDUE procedure,
            PROCESSRESULT result,
            SUGGESTION suggestion
        FROM HIKEPADM.Z_WEM_BUS_TRAVEL_REPORT t WHERE PROCESSID = #{docId, jdbcType=VARCHAR}
    </select>
    <!-- 差旅报告 -->

</mapper>
