<?xml version="1.0" encoding="UTF-8" ?>
<!DOCTYPE mapper
 PUBLIC "-//mybatis.org//DTD Mapper 3.0//EN"
"http://mybatis.org/dtd/mybatis-3-mapper.dtd">
<mapper namespace="com.hikvision.it.expense.rpc.dao.user.IUserDao">
	<!-- 获取超级管理员标识 -->
	<select id="getSuperAdmin" resultType="java.lang.String">
	<![CDATA[
	select t.superadmin 
	  from hikepadm.z_wem_basic_person_info t 
	 where t.user_empid = #{userId, jdbcType=VARCHAR}
	   and t.user_state in ('0', '1', '2')
	]]>
	</select>

	<resultMap type="com.hikvision.it.expense.api.entity.user.User" id="user"></resultMap>
	
	<!-- 根据员工登录名称、语言获取员工信息 -->
	<select id="findUserByUserShortName" resultType="com.hikvision.it.expense.api.entity.user.User">
	<![CDATA[
	select info.user_empid userid,
	       (case
	         when pn.username is not null then
	          pn.username
	         when info.user_unque_name is not null then
	          info.user_unque_name
	         else
	          info.user_name
	       end) username,
	       info.pergradeid grade,
	       info.nationcode nation,
	       info.user_deptcode deptcode,
	       info.user_shortname notesid,
	       info.user_unque_name uniquename,
	       info.sapaccount sapid,
	       info.user_inmail inmail
	  from z_wem_basic_person_info info
	  left join z_wem_basic_per_national pn 
	    on info.user_empid = pn.userid 
	   and pn.lang = #{language, jdbcType=VARCHAR}
	 where upper(info.user_shortname) = upper(#{userShortName, jdbcType=VARCHAR})
	   and info.user_state in ('0', '1', '2')
	]]>
	</select>
	<!-- 根据员工编号获取员工信息 -->
	<select id="findUserByUserId" resultType="com.hikvision.it.expense.api.entity.user.User">
	<![CDATA[
	select info.user_empid userid,
	       (case
	         when pn.username is not null then
	          pn.username
	         when info.user_unque_name is not null then
	          info.user_unque_name
	         else
	          info.user_name
	       end) username,
	       info.pergradeid grade,
	       info.nationcode nation,
	       info.user_deptcode deptcode,
	       info.user_shortname notesid,
	       info.user_unque_name uniquename,
	       info.sapaccount sapid,
	       info.user_inmail inmail,
		   d.DEPTPATH deptPath
	  from z_wem_basic_person_info info
	  left join z_wem_basic_per_national pn
	    on info.user_empid = pn.userid
	   and pn.lang = #{language, jdbcType=VARCHAR}
	  LEFT JOIN Z_WEM_BASIC_DEPARTMENT_INFO d
		on d.DEPTCODE = info.USER_DEPTCODE
	 where info.user_empid = #{userId, jdbcType=VARCHAR}
	   and info.user_state in ('0', '1', '2')
	]]>
	</select>
	
	<!-- 获取员工诚信等级 -->
	<select id="getCreditByEmpid" statementType="CALLABLE">
		{CALL
		CREDIT_GETCREDIT_PRO(
		#{paramMap.indate,jdbcType=VARCHAR,mode=IN},
		#{paramMap.userId,jdbcType=VARCHAR,mode=IN},
		#{paramMap.lv_code,jdbcType=VARCHAR,mode=OUT},
		#{paramMap.lv_desc,jdbcType=VARCHAR,mode=OUT})}
	</select>
	
	<!-- 根据员工编号、单据类别获取授权列表 -->
	<select id="findAuthUser" resultMap="user">
	<![CDATA[
	select p.user_empid userid,
	       (case
	         when pn.username is not null then
	          pn.username
	         when p.user_unque_name is not null then
	          p.user_unque_name
	         else
	          p.user_name
	       end) username,
	       p.user_deptcode deptcode,
	       (case
	         when dn.deptname is not null then
	          dn.deptname
	         else
	          d.deptpath
	       end) deptname
	  from hikepadm.z_wem_basic_person_info p
	 inner join hikepadm.z_wem_basic_department_info d
	    on d.deptcode = p.user_deptcode 
	   and d.status <> 'D'
	  left join hikepadm.z_wem_basic_dept_national dn
	    on dn.deptcode = d.deptcode
	   and dn.lang = #{language, jdbcType=VARCHAR}
	  left join hikepadm.z_wem_basic_per_national pn
	    on pn.userid = p.user_empid
	   and pn.lang = #{language, jdbcType=VARCHAR}
	 where p.user_empid = #{userId, jdbcType=VARCHAR}
	union all
	select info.user_empid userid,
	       (case
	         when pn.username is not null then
	          pn.username
	         when info.user_unque_name is not null then
	          info.user_unque_name
	         else
	          info.user_name
	       end) username,
	       info.user_deptcode,
	       (case
	         when dn.deptname is not null then
	          dn.deptname
	         else
	          d.deptpath
	       end) deptname
	  from hikepadm.z_wem_basic_person_info info
	 inner join hikepadm.z_wem_basic_department_info d
	    on d.deptcode = info.user_deptcode 
	   and d.status <> 'D'
	  left join hikepadm.z_wem_basic_dept_national dn
	    on dn.deptcode = d.deptcode
	   and dn.lang = #{language, jdbcType=VARCHAR}
	  left join hikepadm.z_wem_basic_per_national pn
	    on pn.userid = info.user_empid
	   and pn.lang = #{language, jdbcType=VARCHAR}
	 where info.user_state in ('0', '1', '2')
	   and exists (select 1
	          from hikepadm.z_wem_basic_process_authorize pa
	         where pa.startdate <= sysdate
	           and pa.enddate >= sysdate
	           and (pa.processcode = #{docType, jdbcType=VARCHAR} or pa.processcode = '*')
	           and pa.authorizee = info.user_empid
	           and pa.authorizeaction = 'SUB'
	           and pa.authorizer = #{userId, jdbcType=VARCHAR})
	]]>
	</select>
	
	<!-- 查询员工授权权限范围 -->
	<select id="findUserAuthScope" resultMap="user">
	<![CDATA[
	select * from (select t.userid,
	       t.deptcode,
	       (case
	         when dn.deptname is not null then
	          dn.deptname
	         else
	          d.deptpath
	       end) deptname,
	       t.bukrs,
	       (case
	         when cn.companyname is not null then
	          cn.companyname
	         else
	          c.companyname
	       end) bukrsname,
	       d.deptlevel
	  from hikepadm.t_cfg_user_comp_auth t
	 inner join hikepadm.z_wem_basic_department_info d
	    on d.deptcode = t.deptcode
	   and d.status <> 'D'
	  left join hikepadm.z_wem_basic_dept_national dn
	    on dn.deptcode = d.deptcode
	   and dn.lang = #{language, jdbcType=VARCHAR}
	 inner join hikepadm.z_wem_basic_company_info c
	    on c.companycode = t.bukrs
	   and c.status = '1'
	  left join hikepadm.z_wem_basic_comp_national cn
	    on cn.companycode = c.companycode
	   and cn.lang = #{language, jdbcType=VARCHAR}
	 where t.validfrom <= sysdate
	   and t.validto >= sysdate
	   and t.userid = #{userId, jdbcType=VARCHAR}
	   and t.processcode = #{docType, jdbcType=VARCHAR}
	   and regexp_like('*', t.bustype)
	union all
	select * from (with dept_tmp as (select d.deptcode, d.deptpath, d.deptlevel
	                            from hikepadm.z_wem_basic_department_info d
	                           where d.deptcode <> '000001'
	                           start with d.deptcode =
	                                      (select p.user_deptcode
	                                         from hikepadm.z_wem_basic_person_info p
	                                        where p.user_empid = #{userId, jdbcType=VARCHAR})
	                          connect by prior d.dept_upcode = d.deptcode)
	         select t.userid,
	                pi.user_deptcode,
	                (case
			          when dn.deptname is not null then
			           dn.deptname
			          else
			           d.deptpath
			        end) deptname,
	                t.bukrs,
	                (case
	                  when cn.companyname is not null then
	                   cn.companyname
	                  else
	                   c.companyname
	                end) bukrsname,
	                dt.deptlevel
	           from dept_tmp dt
	          inner join hikepadm.t_cfg_user_comp_auth t
	             on t.deptcode = dt.deptcode
	          inner join hikepadm.z_wem_basic_company_info c
	             on c.companycode = t.bukrs
	            and c.status = '1'
              inner join hikepadm.z_wem_basic_person_info pi
                 on pi.user_empid = #{userId, jdbcType=VARCHAR}
               left join hikepadm.z_wem_basic_department_info d
                 on d.deptcode = pi.user_deptcode
               left join hikepadm.z_wem_basic_dept_national dn
                 on dn.deptcode = d.deptcode
                and dn.lang = #{language, jdbcType=VARCHAR}
	           left join hikepadm.z_wem_basic_comp_national cn
	             on cn.companycode = c.companycode
	            and cn.lang = #{language, jdbcType=VARCHAR}
	          where userid = '*'
	            and t.processcode = #{docType, jdbcType=VARCHAR}
	            and regexp_like('*', t.bustype)
	            and t.validfrom <= sysdate
	            and t.validto >= sysdate)) order by deptlevel desc, deptcode,bukrs
	]]>
	</select>
	
	<!-- 过滤查询同行人列表 -->
	<resultMap type="com.hikvision.it.expense.api.entity.trip.TripTogether" id="tripTogether"></resultMap>
	<select id="findUserToAddTripTogether" resultType="com.hikvision.it.expense.api.entity.user.SearchUser">
	<![CDATA[
	select p.user_empid userid,
	       p.user_unque_name username,
		   p.USER_INMAIL userInMail,
		   p.user_deptcode deptcode,
	       (case
	         when (#{language, jdbcType=VARCHAR} = 'ZH' or n.deptname is null) then
	          d.deptpath
	         else
	          n.deptname
	       end) deptpath
	  from hikepadm.z_wem_basic_person_info p
	 inner join hikepadm.z_wem_basic_department_info d
	    on d.deptcode = p.user_deptcode
	  left join hikepadm.z_wem_basic_dept_national n
	    on n.deptcode = d.deptcode
	   and n.lang = #{language, jdbcType=VARCHAR}
	 where p.user_state in ('0', '1', '2')
	   and concat(concat(p.user_name, p.user_shortname), p.user_unque_name) like
	       '%'||#{filter, jdbcType=VARCHAR}||'%'
	   and rownum <= 10
	]]>
	</select>
	
	<!-- 根据索引key获取接受邮件员工信息 -->
	<select id="findMailUserByKey" resultType="com.hikvision.it.expense.api.entity.user.User">
	<![CDATA[
	select mp.username username,mp.in_mail inmail 
	  from hikepadm.t_cfg_mail_person mp 
	 where mp.type = #{key, jdbcType=VARCHAR}
	   and mp.flag = 'Y'
	]]>
	</select>
	
	<!-- 判断分公司人员数量 -->
	<select id="countBranchUser" resultType="java.lang.Integer">
	<![CDATA[
	select count(1)
	  from hikepadm.Z_WEM_BASIC_FGS t
	 where exists (select 1
	          from hikepadm.z_wem_basic_person_info p
	         inner join hikepadm.z_wem_basic_department_info d
	            on d.deptcode = p.user_deptcode
	         where p.user_empid = #{userId, jdbcType=VARCHAR}
	           and d.deptcodepath like t.deptcodepath || '%')
	]]>
	</select>
	
	<!-- 获取员工银行账号 -->
	<select id="findUserBank" resultType="com.hikvision.it.expense.api.entity.user.UserBank">
	<![CDATA[
	select lifnr, bukrs, bankl, banka, bankn, name1
	  from hikepadm.t_mdm_user_bank t
	 where t.lifnr = #{userBank.lifnr, jdbcType=VARCHAR}
	   and t.bukrs = #{userBank.bukrs, jdbcType=VARCHAR}
	]]>
	</select>
	
	<!-- 删除员工银行账号 -->
	<delete id="deleteUserBank">
	<![CDATA[
	delete from hikepadm.t_mdm_user_bank t
	 where t.lifnr = #{userBank.lifnr, jdbcType=VARCHAR}
	   and t.bukrs = #{userBank.bukrs, jdbcType=VARCHAR}
	]]>
	</delete>
	
	<!-- 记录员工银行卡信息 -->
	<insert id="recordUserBank">
	<![CDATA[
	insert into hikepadm.t_mdm_user_bank
	  (lifnr, bukrs, bankl, banka, bankn, name1)
	values
	  (#{userBank.lifnr, jdbcType=VARCHAR},
	   #{userBank.bukrs, jdbcType=VARCHAR},
	   #{userBank.bankL, jdbcType=VARCHAR},
	   #{userBank.bankA, jdbcType=VARCHAR},
	   #{userBank.bankN, jdbcType=VARCHAR},
	   #{userBank.name1, jdbcType=VARCHAR})
	]]>
	</insert>
	
	<!-- 批量记录员工银行卡信息 -->
	<insert id="batchRecordUserBank">
	insert into hikepadm.t_mdm_user_bank
	  (lifnr, bukrs, bankl, banka, bankn, name1)
	  (
	<foreach collection="userBanks" item="item" index="index" separator="union all">
		<![CDATA[
        select #{item.lifnr, jdbcType=VARCHAR},
			   #{item.bukrs, jdbcType=VARCHAR},
			   #{item.bankL, jdbcType=VARCHAR},
			   #{item.bankA, jdbcType=VARCHAR},
			   #{item.bankN, jdbcType=VARCHAR},
			   #{item.name1, jdbcType=VARCHAR} from dual
        ]]>
	</foreach>
	  )
	</insert>
	
	<resultMap type="com.hikvision.it.expense.api.entity.user.UserBank" id="userBank"></resultMap>
	<!-- 匹配员工银行账号 -->
	<select id="matchUserBank" resultType="com.hikvision.it.expense.api.entity.user.UserBank">
	with tmp as
	(
	<foreach collection="userBanks" item="item" index="index" separator="union all">
		<![CDATA[
        select #{item.lifnr, jdbcType=VARCHAR} as lifnr,
			   #{item.bukrs, jdbcType=VARCHAR} as bukrs from dual
        ]]>
	</foreach>
	)
	select tmp.lifnr, tmp.bukrs
	  from tmp
	</select>
	
	<!-- 获取sap员工内部订单 -->
	<select id="getSAPOrderId" resultType="java.lang.String">
	<![CDATA[
	select orderid
	  from hikepadm.t_mdm_user_orderid t
	 where t.userid = #{userId, jdbcType=VARCHAR}
	   and t.bukrs = #{bukrs, jdbcType=VARCHAR}
	]]>
	</select>
	
	<!-- 删除sap员工内部订单 -->
	<delete id="deleteSAPOrderId">
	<![CDATA[
	delete from hikepadm.t_mdm_user_orderid t
	 where t.userid = #{userId, jdbcType=VARCHAR}
	   and t.bukrs = #{bukrs, jdbcType=VARCHAR}
	]]>
	</delete>
	
	<!-- 记录sap员工内部订单 -->
	<insert id="recordSapOrderId">
	<![CDATA[
	insert into hikepadm.t_mdm_user_orderid(userid, bukrs, orderid)
	values
	  (#{userId, jdbcType=VARCHAR},
	   #{bukrs, jdbcType=VARCHAR},
	   #{orderId, jdbcType=VARCHAR}
	  )
	]]>
	</insert>
	
	<select id="isBranch" resultType="java.lang.Boolean">
		select count(1)
		from z_wem_basic_department_info d
		where deptcode = #{deptCode, jdbcType=VARCHAR}
			  and exists(select 1
						 from Z_WEM_BASIC_FGS fgs
						 where d.deptcodepath like fgs.deptcodepath || '%')
	</select>
	
</mapper>