<?xml version="1.0" encoding="UTF-8" ?>
<!DOCTYPE mapper
 PUBLIC "-//mybatis.org//DTD Mapper 3.0//EN"
"http://mybatis.org/dtd/mybatis-3-mapper.dtd">
<mapper namespace="com.hikvision.it.expense.rpc.dao.voucher.IVoucherDao">
	<!-- 获取当前单据编号 -->
	<select id="countPayAmountAboverZero" resultType="java.lang.Integer">
		<![CDATA[
		select count(1)
		  from hikepadm.z_wem_bus_vouch_headers t
		 where t.procnum = #{docId, jdbcType=VARCHAR}
		   and t.amount > t.clramount
		]]>
	</select>
	
	<!-- 获取单据过账次数(包含已冲销凭证) -->
	<select id="countDocWirteOffTimes" resultType="java.lang.Integer">
	<![CDATA[
	select count(1)
	  from hikepadm.z_wem_bus_vouch_headers t
	 where t.procnum = #{docId, jdbcType=VARCHAR}
	   and t.vouch_status = 'Y'
	   and t.fiorderstatus in ('F007')
	]]>
	</select>
	
	<!-- 获取单据过账次数(不包含冲销凭证) -->
	<select id="countDocPostedTimes" resultType="java.lang.Integer">
	<![CDATA[
	select count(1)
	  from hikepadm.z_wem_bus_vouch_headers t
	 where t.procnum = #{docId, jdbcType=VARCHAR}
	   and t.vouch_status = 'Y'
	   and t.fiorderstatus in ('F004', 'F005', 'F003')
	]]>
	</select>

	<resultMap type="com.hikvision.it.expense.api.entity.voucher.OnLineBsik" id="onLineBsik"/>
	<!-- 获取报销系统在途未清明细 -->
	<select id="listReimOnLineBsik" resultMap="onLineBsik">
	<![CDATA[
	select d.drcode,
	       d.amount,
	       h.companycode bukrs,
	       h.postdate,
	       h.currency,
	       c.currency    localcurrency
	  from hikepadm.z_wem_bus_vouch_headers h
	 inner join hikepadm.z_wem_basic_company_info c
	    on c.companycode = h.companycode
	 inner join hikepadm.z_wem_bus_flow f
	    on f.processid = h.procnum
	   and f.companycode = #{bukrs, jdbcType=VARCHAR}
	   and f.claimuser = #{userId, jdbcType=VARCHAR}
	 inner join hikepadm.z_wem_bus_vouch_details d
	    on d.headerid = h.headerid
	   and d.drcode in ('29', '39')
	   and d.specialflag = 'O'
	 where h.vouch_status = 'Y'
	   and h.fiorderstatus in ('F001', 'F002')
	]]>
	</select>
	
	<!-- 删除临时凭证行项目信息 -->
	<delete id="deleteTempVoucherItem">
	<![CDATA[
	delete from hikepadm.z_wem_bus_vouch_details d
	 where exists (select 1
	          from hikepadm.z_wem_bus_vouch_headers h
	         where h.procnum = #{docId, jdbcType=VARCHAR}
	           and d.headerid = h.headerid
	           and h.fiorderstatus in ('F002', 'F001'))
	]]>
	</delete>
	
	<!-- 删除临时凭证抬头 -->
	<delete id="deleteTempVoucherHeader">
	<![CDATA[
	delete from hikepadm.z_wem_bus_vouch_headers t
	 where t.procnum = #{docId, jdbcType=VARCHAR}
	   and t.fiorderstatus in ('F002', 'F001')
	]]>
	</delete>

	<resultMap type="com.hikvision.it.expense.api.entity.voucher.VoucherHeader" id="voucherHeader"/>
	<!-- 根据单据编号获取临时凭证抬头信息 -->
	<select id="getVoucherHeaderByDocId" resultMap="voucherHeader">
	<![CDATA[
	select t.headerid,
	       t.procnum docid,
	       t.ordernum docno,
	       t.vouch_index rn,
	       t.usercode userid,
	       t.username,
		   t.FIORDERSTATUS fiOrderStatus,
	       t.companycode bukrs,
	       to_char(t.vouchdate, 'yyyymmdd') docdate,
	       t.vouchtypecode vouchtype,
	       t.currency,
	       t.refer refdocno,
	       t.vouchnote headertxt,
	       t.postperiod,
	       t.amount,
	       t.clramount,
	       t.brtamount
	  from hikepadm.z_wem_bus_vouch_headers t
	 where t.procnum = #{docId, jdbcType=VARCHAR}
	]]>
	</select>

	<resultMap type="com.hikvision.it.expense.api.entity.voucher.VoucherItem" id="voucherItem"/>
	<!-- 根据凭证抬头ID获取凭证明细行 -->
	<select id="getTempVoucherItemsByHeaderId" resultMap="voucherItem">
	<![CDATA[
	select d.detailid itemid,
	       d.headerid,
	       d.lineno rn,
	       d.drcode bschl,
           d.amount taxAmt,
	       d.acctsubj glaccount,
	       v.SHORTTEXT glaccountname,
	       d.specialflag spGlInd,
	       d.taxcode,
	       d.copacostcenter costcenter,
	       d.ordernum orderid,
	       d.copawbs wbselement,
	       d.distribute allocNmbr,
	       d.paymentcondition pmnttrms,
	       d.paymenttype pymtMeth,
	       d.reasoncode rstgr,
	       d.coparldept copaWw012,
	       d.innerordernum copaAufnr,
	       d.copaordernum copaZaufnr,
	       to_char(d.effdate, 'yyyymmdd') valuedate,
	       to_char(d.duedate, 'yyyymmdd') blinedate,
	       d.itemtext itemText,
	       d.XDRCODE xnegp,
	       d.kidno,
	       d.amount
	  from hikepadm.z_wem_bus_vouch_details d
	  left join hikepadm.z_wem_data_directory_view v
	    on v.LANGUAGE = 'ZH'
	   and v.DATATYPE = 'D208'
	   and v.DATACODE = d.acctsubj
	 where d.headerid = #{headerId, jdbcType=VARCHAR}
	]]>
	</select>
	
	<!-- 新增凭证抬头信息 -->
	<insert id="insertVoucherHeader">
	insert into hikepadm.z_wem_bus_vouch_headers
	  (headerid,
	   COMPANYCODE,
	   procnum,
	   ordernum,
	   usercode,
	   username,
	   currency,
	   refer,
	   vouchnote,
	   vouchtypecode,
	   vouchdate,
	   fiorderstatus,
	   amount,
	   brtamount,
	   clramount,
	   vouch_index)
	  (
	  <foreach collection="voucherHeaders" item="item" index="index" separator="union all">
	  <![CDATA[
	  select #{item.headerId,jdbcType=VARCHAR},
       	     #{item.bukrs,jdbcType=VARCHAR},
       	     #{item.docId,jdbcType=VARCHAR},
       	     #{item.docNo,jdbcType=VARCHAR},
       	     #{item.userId,jdbcType=VARCHAR},
       	     #{item.userName,jdbcType=VARCHAR},
       	     #{item.currency,jdbcType=VARCHAR},
       	     #{item.refDocNo,jdbcType=VARCHAR},
       	     #{item.headerTxt,jdbcType=VARCHAR},
       	     #{item.voucherType,jdbcType=VARCHAR},
       	     to_date(#{item.docDate,jdbcType=VARCHAR}, 'yyyy-mm-dd'),
       	     #{item.fiOrderStatus,jdbcType=VARCHAR},
       	     #{item.amount,jdbcType=NUMERIC},
       	     #{item.brtAmount,jdbcType=NUMERIC},
       	     #{item.clrAmount,jdbcType=NUMERIC},
       	     #{item.rn,jdbcType=NUMERIC}  from dual
	  ]]>
	  </foreach>
	  )
	</insert>
	
	<!-- 新增凭证明细 -->
	<insert id="batchInsertVoucherItem">
	insert into hikepadm.Z_WEM_BUS_VOUCH_DETAILS
	  (detailid,
	   headerid,
	   lineno,
	   drcode,
	   acctsubj,
	   distribute,
	   amount,
	   taxcode,
	   reasoncode,
	   effdate,
	   specialflag,
	   duedate,
	   innerordernum,
	   paymentcondition,
	   paymenttype,
	   copaordernum,
	   copacostcenter,
	   copawbs,
	   xdrcode,
	   itemtext,
	   ordernum,
	   copavkorg,
	   copavkdept,
	   coparldept,
	   kidno)
	   (
	   <foreach collection="voucherItems" item="item" index="index" separator="union all">
	   <![CDATA[
	   select #{item.itemId, jdbcType=VARCHAR},
	   		  #{item.headerId, jdbcType=VARCHAR},
       	      #{item.rn, jdbcType=NUMERIC},
       	      #{item.bschl, jdbcType=VARCHAR},
       	      #{item.glAccount, jdbcType=VARCHAR},
       	      #{item.allocNmbr, jdbcType=VARCHAR},
       	      #{item.taxAmt, jdbcType=NUMERIC},
       	      #{item.taxCode, jdbcType=VARCHAR},
       	      #{item.rstgr, jdbcType=VARCHAR},
       	      to_date(#{item.valueDate, jdbcType=VARCHAR}, 'yyyy-mm-dd'),
       	      #{item.spGlInd,jdbcType=VARCHAR},
       	      to_date(#{item.blineDate, jdbcType=VARCHAR}, 'yyyy-mm-dd'),
       	      #{item.copaAufnr,jdbcType=VARCHAR},
       	      #{item.pmnttrms,jdbcType=VARCHAR},
       	      #{item.pymtMeth,jdbcType=VARCHAR},
       	      #{item.copaZaufnr,jdbcType=VARCHAR},
       	      #{item.costcenter,jdbcType=VARCHAR},
       	      #{item.copaPspnr,jdbcType=VARCHAR},
       	      #{item.xnegp,jdbcType=VARCHAR},
       	      #{item.itemText,jdbcType=VARCHAR},
       	      #{item.orderId,jdbcType=VARCHAR},
       	      #{item.copaVkorg,jdbcType=VARCHAR},
       	      #{item.copaVkbur,jdbcType=VARCHAR},
       	      #{item.copaWw012,jdbcType=VARCHAR},
       	      #{item.kidNo,jdbcType=VARCHAR}  from dual
	   ]]>
	   </foreach>
	   )
	</insert>
	
	<!-- 过账成功，更新凭证状态 -->
	<update id="postSuccess">
	<![CDATA[
	update hikepadm.z_wem_bus_vouch_headers t
	  set t.sapreceiptnum = #{voucherHeader.belnr,jdbcType=VARCHAR},
	      t.apusercode = #{voucherHeader.pstngUserId,jdbcType=VARCHAR},
	      t.fiorderstatus = 'F003',
	      t.vouch_status = 'Y',
          t.postdate = to_date(#{voucherHeader.pstngDate,jdbcType=VARCHAR}, 'yyyymmdd'),
	      t.postperiod = #{voucherHeader.postPeriod,jdbcType=VARCHAR},
	      t.acctmethod = #{voucherHeader.acctMethod,jdbcType=VARCHAR},
	      t.updatestamp = sysdate,
	      t.usname = #{voucherHeader.usnam,jdbcType=VARCHAR}
	where t.headerid = #{voucherHeader.headerId,jdbcType=VARCHAR}
	  and t.vouch_status = 'N' 
	  and t.fiorderstatus in ('F001', 'F002')
	]]>
	</update>
	
	<!-- 付款成功，更新凭证状态 -->
	<update id="updateFkStatus">
	<![CDATA[
	update hikepadm.z_wem_bus_vouch_headers t
	  set t.fiorderstatus = 'F005', FKSTATUS = 'Y', UPDATESTAMP = SYSDATE
	where t.procnum = #{docId,jdbcType=VARCHAR}
	]]>
	</update>

	<resultMap id="cashierAudit" type="com.hikvision.it.expense.api.entity.voucher.CashierAudit"></resultMap>
	<!-- 根据当前登陆人员 获取可以付款的报销单据 -->
	<select id="getDocsToPayment" resultMap="cashierAudit">
	<![CDATA[
	select (case
			 when p.user_unque_name is null then
			  p.user_name
			 else
			  p.user_unque_name
		   end) postUserName,
		   d.detailid voucherItemId,
		   t.procnum docid,
		   t.ordernum docno,
		   t.companycode bukrs,
		   t.currency,
		   t.usercode expensor,
		   t.username expensorname,
		   d.amount,
		   t.sapreceiptnum belnr,
		   d.lineno,
		   substr(t.postperiod, 0, 4) gjahr,
		   to_char(t.postdate, 'yyyymmdd') postDate
	  from hikepadm.z_wem_bus_vouch_headers t
	 inner join hikepadm.z_wem_basic_person_info p
		on p.user_empid = t.apusercode
	]]>
	<if test="postUser != null and postUser != ''">
		<![CDATA[
	  and regexp_like(concat(p.user_shortname, p.user_unque_name), #{postUser, jdbcType=VARCHAR})
		]]>
	</if>
	<![CDATA[
	 inner join hikepadm.z_wem_bus_vouch_details d
		on d.headerid = t.headerid
	   and d.drcode in ('31', '50')
	   and d.clearflag = 'N'
	 where t.fiorderstatus = 'F003'
	]]>
	<if test="docNo != null and docNo != ''">
	  and t.ordernum = #{docNo, jdbcType=VARCHAR}
	</if>
	<if test="bukrs != null and bukrs != ''">
	  and t.companycode = #{bukrs, jdbcType=VARCHAR}
	</if>
	<![CDATA[
	   and exists (select 1
			  from hikepadm.t_bpm_process_instance pi
			 inner join hikepadm.t_bpm_task_instance ti
				on ti.processid = pi.processid
			   and ti.status = 'N'
			 inner join hikepadm.t_bpm_task_instance_owner tt
				on tt.taskid = ti.taskid
			   and tt.userid = #{userId, jdbcType=VARCHAR}
			 where pi.docid = t.procnum)
	 order by t.ordernum, d.lineno
	]]>
	</select>

	<!-- 获取所有可以付款的行项目 -->
	<select id="listItemToPayment" resultMap="cashierAudit">
	<![CDATA[
	select (case
			 when p.user_unque_name is null then
			  p.user_name
			 else
			  p.user_unque_name
		   end) postUserName,
		   t.procnum docid,
		   t.ordernum docno,
		   t.companycode bukrs,
		   t.currency,
		   t.usercode expensor,
		   t.username expensorname,
		   t.sapreceiptnum belnr,
		   t.amount,
		   substr(t.postperiod, 0, 4) gjahr,
		   to_char(t.postdate, 'yyyymmdd') postDate
	  from hikepadm.z_wem_bus_vouch_headers t
	 inner join hikepadm.z_wem_basic_person_info p
		on p.user_empid = t.apusercode
	 ]]>
	 <if test="postUser != null and postUser != ''">
	 <![CDATA[
       and regexp_like(concat(p.user_shortname, p.user_unque_name), #{postUser, jdbcType=VARCHAR})
	 ]]>
	 </if>
	 <![CDATA[
	 where t.fiorderstatus = 'F003'
	 ]]>
	 <if test="docNo != null and docNo != ''">
	   and t.ordernum = #{docNo, jdbcType=VARCHAR}
	 </if>
	 <if test="bukrs != null and bukrs != ''">
	   and t.companycode = #{bukrs, jdbcType=VARCHAR}
	 </if>
	 <![CDATA[
	   and not exists (select 1
			  from hikepadm.z_wem_bus_vouch_details d
			 where d.headerid = t.headerid
			   and d.clearflag = 'N'
			   and d.drcode in ('31', '50'))
	   and exists (select 1
			  from hikepadm.t_bpm_process_instance pi
			 inner join hikepadm.t_bpm_task_instance ti
				on ti.processid = pi.processid
			   and ti.status = 'N'
			 inner join hikepadm.t_bpm_task_instance_owner tt
				on tt.taskid = ti.taskid
			   and tt.userid = #{userId, jdbcType=VARCHAR}
			 where pi.docid = t.procnum)
	 order by t.ordernum
	]]>
	</select>

	<!-- 更新凭证行项目清帐标识 -->
	<update id="updateVoucherClearingFlag">
		<![CDATA[
		update hikepadm.z_wem_bus_vouch_details d
		   set d.clearflag = 'Y'
		 where d.id in
		]]>
		(
		<foreach collection="items" item="item" index="index" separator="union all">
			<![CDATA[
	        SELECT #{item.voucherItemId,jdbcType=VARCHAR} from dual
	        ]]>
		</foreach>
		)
	</update>

</mapper>
