<?xml version="1.0" encoding="UTF-8" ?>
<!DOCTYPE mapper
 PUBLIC "-//mybatis.org//DTD Mapper 3.0//EN"
"http://mybatis.org/dtd/mybatis-3-mapper.dtd">
<mapper namespace="com.hikvision.it.expense.rpc.dao.work.IWorkDao">
  <resultMap type="com.hikvision.it.expense.api.entity.base.WorkInfo" id="work"></resultMap>
  
  <!-- 根据单据编号获取考勤信息 -->
  <select id="getWorkInfoByDocId" resultType="com.hikvision.it.expense.api.entity.base.WorkInfo">
  	<![CDATA[
  	select f.applyid   docno,
	       f.claimuser userid,
	       f.fromdate  startdate,
	       f.todate    enddate
	  from hikepadm.z_wem_bus_flow f
	 where f.processid = #{docId, jdbcType=VARCHAR}
	   and f.docstatus = 'S004'
	   and f.processcode in ('WEM001', 'WEM002')
    ]]>  
  </select>
  
  <!-- 获取考勤条目数 -->
  <select id="getWorkNum" resultType="int">
  	<![CDATA[
  	select count(1)
          from hikepadm.z_wem_bus_kqinfo b
         where exists (select 1
                  FROM hikepadm.z_wem_bus_kqinfo t
                 where t.applyid = #{workInfo.docNo}
                   and t.user_empid = #{workInfo.userId}
                   and t.applyid = b.applyid
                   and t.user_empid = b.user_empid)
    ]]>  
  </select>
  
  <!-- 新增考勤信息 -->
  <insert id="insertWorkInfo">
  <![CDATA[
  	insert into hikepadm.z_wem_bus_kqinfo(kqid, user_empid, applyid, 
  							   startdate, enddate, 
  							   data_state, syscn_state, 
  							   uptime) 
	values(sys_guid(), #{workInfo.userId}, #{workInfo.docNo},
			#{workInfo.startDate}, 
			#{workInfo.endDate}, 'D', 'D', sysdate)
  ]]>  
  </insert>
  
  <!-- 更新考勤信息 -->
  <update id="updateWorkInfo">
  <![CDATA[
  	update hikepadm.z_wem_bus_kqinfo set data_state = 'U', 
  							  uptime = sysdate, 
  							  syscn_state = 'D',
  							  startdate = #{workInfo.startDate},
  							  enddate = #{workInfo.endDate}
  	where user_empid = #{workInfo.userId} and applyid = #{workInfo.docNo}
  ]]>
  </update>
</mapper>
