<?xml version="1.0" encoding="UTF-8" ?>
<!DOCTYPE configuration
        PUBLIC "-//mybatis.org//DTD Config 3.0//EN"
        "http://mybatis.org/dtd/mybatis-3-config.dtd">
<configuration>
	<!-- plugins在配置文件中的位置必须符合要求，否则会报错，顺序如下: properties?, settings?, typeAliases?, 
		typeHandlers?, objectFactory?,objectWrapperFactory?, plugins?, environments?, 
		databaseIdProvider?, mappers? -->
	<!--<typeHandlers>-->
		<!--<typeHandler handler="org.apache.ibatis.type.InstantTypeHandler" />-->
		<!--<typeHandler handler="org.apache.ibatis.type.LocalDateTimeTypeHandler" />-->
		<!--<typeHandler handler="org.apache.ibatis.type.LocalDateTypeHandler" />-->
		<!--<typeHandler handler="org.apache.ibatis.type.LocalTimeTypeHandler" />-->
		<!--<typeHandler handler="org.apache.ibatis.type.OffsetDateTimeTypeHandler" />-->
		<!--<typeHandler handler="org.apache.ibatis.type.OffsetTimeTypeHandler" />-->
		<!--<typeHandler handler="org.apache.ibatis.type.ZonedDateTimeTypeHandler" />-->
	<!--</typeHandlers>-->


    <!--<settings>-->
        <!--<setting name="mapUnderscoreToCamelCase" value="true"/>-->
    <!--</settings>-->

    <mappers>
        <!--<mapper resource="mapper/base/SystemMapper.xml" />-->
    </mappers>

</configuration>